subject_id,begin_date_day,begin_date_month,begin_date_year,end_date_day,end_date_month,end_date_year,review,URL_front,URL_back,comment
58642692,18,July,1968,NA,NA,NA,TRUE,https://changes-ifr.s3.us-east-2.amazonaws.com/ss1/GROW/single/Ingham_RedCedar_GROW_002.jpg,NA,second date is for another year could make two rows out of one card
58642753,29,August,1984,29,May,1985,TRUE,https://changes-ifr.s3.us-east-2.amazonaws.com/ss1/GROW/single/Kent_Long_GROW_002.jpg,NA,"two dates, no way to distinguish between surveys "
58642806,18,May,1992,NA,NA,NA,TRUE,https://changes-ifr.s3.us-east-2.amazonaws.com/ss1/GROW/single/Lapeer_Algoe_FISHc_014.jpg,NA,
58642826,4,April,1991,7,January,1992,TRUE,https://changes-ifr.s3.us-east-2.amazonaws.com/ss1/GROW/single/Oscoda_Loon_GROW_20191210110921507_0003.jpg,NA,two separate survey dates
58642842,18,July,1968,2,July,1969,TRUE,https://changes-ifr.s3.us-east-2.amazonaws.com/ss1/GROW/single/Red Cedar Lake_002.jpg,NA,two separate survey dates
58642845,NA,November,1986,NA,November,1989,TRUE,https://changes-ifr.s3.us-east-2.amazonaws.com/ss1/GROW/single/Roscommon_James_GROW_2.jpeg,NA,two separate survey dates
58746057,2,May,1990,NA,NA,NA,TRUE,https://changes-ifr.s3.us-east-2.amazonaws.com/ss1/GROW/double/b_first/VanBuren_Saddle_GROW_039.jpeg,https://changes-ifr.s3.us-east-2.amazonaws.com/ss1/GROW/double/b_first/VanBuren_Saddle_GROW_038.jpeg,
58746090,6,April,1987,NA,NA,NA,TRUE,https://changes-ifr.s3.us-east-2.amazonaws.com/ss1/GROW/double/b_first/VanBuren_Bakersons_GROW_025.jpeg,https://changes-ifr.s3.us-east-2.amazonaws.com/ss1/GROW/double/b_first/VanBuren_Bakersons_GROW_024.jpeg,
58746097,NA,April,1970,NA,April,1971,TRUE,https://changes-ifr.s3.us-east-2.amazonaws.com/ss1/GROW/double/b_first/Tuscola_Murphy_GROW_011.jpeg,https://changes-ifr.s3.us-east-2.amazonaws.com/ss1/GROW/double/b_first/Tuscola_Murphy_GROW_010.jpeg,two separate survey dates
58746109,28,September,1982,NA,NA,NA,TRUE,https://changes-ifr.s3.us-east-2.amazonaws.com/ss1/GROW/double/b_first/StJoseph_Thompson_GROW_006.jpeg,https://changes-ifr.s3.us-east-2.amazonaws.com/ss1/GROW/double/b_first/StJoseph_Thompson_GROW_005.jpeg,
58746122,7,October,1981,NA,NA,NA,TRUE,https://changes-ifr.s3.us-east-2.amazonaws.com/ss1/GROW/double/b_first/StJoseph_Long_GROW_002.jpeg,https://changes-ifr.s3.us-east-2.amazonaws.com/ss1/GROW/double/b_first/StJoseph_Long_GROW_001.jpeg,
58746140,11,September,1984,NA,NA,NA,TRUE,https://changes-ifr.s3.us-east-2.amazonaws.com/ss1/GROW/double/b_first/Schoolcraft_Vance_GROW_016.jpeg,https://changes-ifr.s3.us-east-2.amazonaws.com/ss1/GROW/double/b_first/Schoolcraft_Vance_GROW_015.jpeg,
58746179,20,July,1979,NA,N,NA,TRUE,https://changes-ifr.s3.us-east-2.amazonaws.com/ss1/GROW/double/b_first/Schoolcraft_Seney_GROW_014.jpeg,https://changes-ifr.s3.us-east-2.amazonaws.com/ss1/GROW/double/b_first/Schoolcraft_Seney_GROW_013.jpeg,
58746194,13,September,1984,NA,NA,NA,TRUE,https://changes-ifr.s3.us-east-2.amazonaws.com/ss1/GROW/double/b_first/Schoolcraft_Pear_GROW_004.jpeg,https://changes-ifr.s3.us-east-2.amazonaws.com/ss1/GROW/double/b_first/Schoolcraft_Pear_GROW_003.jpeg,
58746204,11,September,1984,NA,NA,NA,TRUE,https://changes-ifr.s3.us-east-2.amazonaws.com/ss1/GROW/double/b_first/Schoolcraft_Mid_GROW_012.jpeg,https://changes-ifr.s3.us-east-2.amazonaws.com/ss1/GROW/double/b_first/Schoolcraft_Mid_GROW_011.jpeg,
58746205,13,September,1984,NA,NA,NA,TRUE,https://changes-ifr.s3.us-east-2.amazonaws.com/ss1/GROW/double/b_first/Schoolcraft_Mid_GROW_010.jpeg,https://changes-ifr.s3.us-east-2.amazonaws.com/ss1/GROW/double/b_first/Schoolcraft_Mid_GROW_009.jpeg,
58746239,14,December,1966,12,January,1967,TRUE,https://changes-ifr.s3.us-east-2.amazonaws.com/ss1/GROW/double/b_first/Schoolcraft_Indian_GROW_212.jpeg,https://changes-ifr.s3.us-east-2.amazonaws.com/ss1/GROW/double/b_first/Schoolcraft_Indian_GROW_211.jpeg,two separate survey dates
58746274,25,September,1993,NA,NA,NA,TRUE,https://changes-ifr.s3.us-east-2.amazonaws.com/ss1/GROW/double/b_first/Schoolcraft_Gemini_GROW_012.jpeg,https://changes-ifr.s3.us-east-2.amazonaws.com/ss1/GROW/double/b_first/Schoolcraft_Gemini_GROW_011.jpeg,
58746279,30,May,1984,NA,NA,NA,TRUE,https://changes-ifr.s3.us-east-2.amazonaws.com/ss1/GROW/double/b_first/Schoolcraft_DutchFred_GROW_024.jpeg,https://changes-ifr.s3.us-east-2.amazonaws.com/ss1/GROW/double/b_first/Schoolcraft_DutchFred_GROW_023.jpeg,
58746283,18,July,1957,NA,NA,NA,TRUE,https://changes-ifr.s3.us-east-2.amazonaws.com/ss1/GROW/double/b_first/Schoolcraft_Deep_GROW_030.jpeg,https://changes-ifr.s3.us-east-2.amazonaws.com/ss1/GROW/double/b_first/Schoolcraft_Deep_GROW_029.jpeg,
58746286,24,August,1977,NA,NA,NA,TRUE,https://changes-ifr.s3.us-east-2.amazonaws.com/ss1/GROW/double/b_first/Schoolcraft_Cusino_GROW_018.jpeg,https://changes-ifr.s3.us-east-2.amazonaws.com/ss1/GROW/double/b_first/Schoolcraft_Cusino_GROW_017.jpeg,
58746290,15,June,1966,NA,NA,NA,TRUE,https://changes-ifr.s3.us-east-2.amazonaws.com/ss1/GROW/double/b_first/Schoolcraft_Crooked_GROW_008.jpeg,https://changes-ifr.s3.us-east-2.amazonaws.com/ss1/GROW/double/b_first/Schoolcraft_Crooked_GROW_007.jpeg,
58746292,9,July,1969,NA,NA,NA,TRUE,https://changes-ifr.s3.us-east-2.amazonaws.com/ss1/GROW/double/b_first/Schoolcraft_Crooked_GROW_018.jpeg,https://changes-ifr.s3.us-east-2.amazonaws.com/ss1/GROW/double/b_first/Schoolcraft_Crooked_GROW_017.jpeg,
58746369,15,September,1960,NA,NA,NA,TRUE,https://changes-ifr.s3.us-east-2.amazonaws.com/ss1/GROW/double/b_first/Roscommon_Dunham_GROW_004.jpeg,https://changes-ifr.s3.us-east-2.amazonaws.com/ss1/GROW/double/b_first/Roscommon_Dunham_GROW_003.jpeg,
58746375,5,November,1981,NA,NA,NA,TRUE,https://changes-ifr.s3.us-east-2.amazonaws.com/ss1/GROW/double/b_first/PresqueIsle_Shoepac_GROW_024.jpeg,https://changes-ifr.s3.us-east-2.amazonaws.com/ss1/GROW/double/b_first/PresqueIsle_Shoepac_GROW_023.jpeg,
58746392,1,July,1976,NA,NA,NA,TRUE,https://changes-ifr.s3.us-east-2.amazonaws.com/ss1/GROW/double/b_first/PresqueIsle_Lost_GROW_030.jpeg,https://changes-ifr.s3.us-east-2.amazonaws.com/ss1/GROW/double/b_first/PresqueIsle_Lost_GROW_029.jpeg,
58746405,15,April,1972,NA,NA,NA,TRUE,https://changes-ifr.s3.us-east-2.amazonaws.com/ss1/GROW/double/b_first/PresqueIsle_Grand_GROW_162.jpeg,https://changes-ifr.s3.us-east-2.amazonaws.com/ss1/GROW/double/b_first/PresqueIsle_Grand_GROW_161.jpeg,
58746425,30,June,1976,NA,NA,NA,TRUE,https://changes-ifr.s3.us-east-2.amazonaws.com/ss1/GROW/double/b_first/PresqueIsle_Ferdleman_GROW_014.jpeg,https://changes-ifr.s3.us-east-2.amazonaws.com/ss1/GROW/double/b_first/PresqueIsle_Ferdleman_GROW_013.jpeg,
58746461,13,March,1974,NA,NA,NA,TRUE,https://changes-ifr.s3.us-east-2.amazonaws.com/ss1/GROW/double/b_first/Ottawa_Macatawa_GROW_224.jpeg,https://changes-ifr.s3.us-east-2.amazonaws.com/ss1/GROW/double/b_first/Ottawa_Macatawa_GROW_223.jpeg,
58746462,NA,April,1974,NA,NA,NA,TRUE,https://changes-ifr.s3.us-east-2.amazonaws.com/ss1/GROW/double/b_first/Ottawa_Macatawa_GROW_222.jpeg,https://changes-ifr.s3.us-east-2.amazonaws.com/ss1/GROW/double/b_first/Ottawa_Macatawa_GROW_221.jpeg,First half of April
58746478,7,September,1977,NA,NA,NA,TRUE,https://changes-ifr.s3.us-east-2.amazonaws.com/ss1/GROW/double/b_first/Ottawa_Crockery_GROW_022.jpeg,https://changes-ifr.s3.us-east-2.amazonaws.com/ss1/GROW/double/b_first/Ottawa_Crockery_GROW_021.jpeg,
58746487,7,July,1972,NA,NA,NA,TRUE,https://changes-ifr.s3.us-east-2.amazonaws.com/ss1/GROW/double/b_first/Otsego_Round_GROW_010.jpeg,https://changes-ifr.s3.us-east-2.amazonaws.com/ss1/GROW/double/b_first/Otsego_Round_GROW_009.jpeg,
58746497,6,November,1981,NA,NA,NA,TRUE,https://changes-ifr.s3.us-east-2.amazonaws.com/ss1/GROW/double/b_first/Otsego_Pickerel_GROW_024.jpeg,https://changes-ifr.s3.us-east-2.amazonaws.com/ss1/GROW/double/b_first/Otsego_Pickerel_GROW_023.jpeg,
58746511,5,October,1978,NA,NA,NA,TRUE,https://changes-ifr.s3.us-east-2.amazonaws.com/ss1/GROW/double/b_first/Otsego_Otsego_GROW_060.jpeg,https://changes-ifr.s3.us-east-2.amazonaws.com/ss1/GROW/double/b_first/Otsego_Otsego_GROW_059.jpeg,
58746541,11,September,1962,NA,NA,NA,TRUE,https://changes-ifr.s3.us-east-2.amazonaws.com/ss1/GROW/double/b_first/Otsego_LittleBear_GROW_066.jpeg,https://changes-ifr.s3.us-east-2.amazonaws.com/ss1/GROW/double/b_first/Otsego_LittleBear_GROW_065.jpeg,
58746542,14,June,1975,NA,NA,NA,TRUE,https://changes-ifr.s3.us-east-2.amazonaws.com/ss1/GROW/double/b_first/Otsego_Manuka_GROW_016.jpeg,https://changes-ifr.s3.us-east-2.amazonaws.com/ss1/GROW/double/b_first/Otsego_Manuka_GROW_015.jpeg,
58746545,18,June,1970,NA,NA,NA,TRUE,https://changes-ifr.s3.us-east-2.amazonaws.com/ss1/GROW/double/b_first/Otsego_LittleBear_GROW_050.jpeg,https://changes-ifr.s3.us-east-2.amazonaws.com/ss1/GROW/double/b_first/Otsego_LittleBear_GROW_049.jpeg,
58746548,6,October,1964,NA,NA,NA,TRUE,https://changes-ifr.s3.us-east-2.amazonaws.com/ss1/GROW/double/b_first/Otsego_LittleBear_GROW_044.jpeg,https://changes-ifr.s3.us-east-2.amazonaws.com/ss1/GROW/double/b_first/Otsego_LittleBear_GROW_043.jpeg,
58746554,17,October,1979,NA,NA,NA,TRUE,https://changes-ifr.s3.us-east-2.amazonaws.com/ss1/GROW/double/b_first/Otsego_Heart_GROW_016.jpeg,https://changes-ifr.s3.us-east-2.amazonaws.com/ss1/GROW/double/b_first/Otsego_Heart_GROW_015.jpeg,
58746555,30,August,1974,NA,NA,NA,TRUE,https://changes-ifr.s3.us-east-2.amazonaws.com/ss1/GROW/double/b_first/Otsego_Heart_GROW_032.jpeg,https://changes-ifr.s3.us-east-2.amazonaws.com/ss1/GROW/double/b_first/Otsego_Heart_GROW_031.jpeg,
58746584,18,June,1981,NA,NA,NA,TRUE,https://changes-ifr.s3.us-east-2.amazonaws.com/ss1/GROW/double/b_first/Otsego_Dixon_GROW_016.jpeg,https://changes-ifr.s3.us-east-2.amazonaws.com/ss1/GROW/double/b_first/Otsego_Dixon_GROW_015.jpeg,
58746596,27,October,1981,NA,NA,NA,TRUE,https://changes-ifr.s3.us-east-2.amazonaws.com/ss1/GROW/double/b_first/Otsego_Bridge_GROW_012.jpeg,https://changes-ifr.s3.us-east-2.amazonaws.com/ss1/GROW/double/b_first/Otsego_Bridge_GROW_011.jpeg,
58746615,17,July,1973,NA,NA,NA,TRUE,https://changes-ifr.s3.us-east-2.amazonaws.com/ss1/GROW/double/b_first/Otsego_Bear_GROW_078.jpeg,https://changes-ifr.s3.us-east-2.amazonaws.com/ss1/GROW/double/b_first/Otsego_Bear_GROW_077.jpeg,
58746621,23,September,1971,NA,NA,NA,TRUE,https://changes-ifr.s3.us-east-2.amazonaws.com/ss1/GROW/double/b_first/Otsego_Bear_GROW_032.jpeg,https://changes-ifr.s3.us-east-2.amazonaws.com/ss1/GROW/double/b_first/Otsego_Bear_GROW_031.jpeg,
58753884,29,October,1985,NA,NA,NA,TRUE,https://changes-ifr.s3.us-east-2.amazonaws.com/ss1/GROW/double/a_first/part1/Charlevoix_Boyne Falls Pond2.jpg,https://changes-ifr.s3.us-east-2.amazonaws.com/ss1/GROW/double/a_first/part1/Charlevoix_Boyne Falls Pond2p2.jpg,
58753893,NA,December,1990,NA,January,1991,TRUE,https://changes-ifr.s3.us-east-2.amazonaws.com/ss1/GROW/double/a_first/part1/Charlevoix_Charlevoix46_GROW.jpg,https://changes-ifr.s3.us-east-2.amazonaws.com/ss1/GROW/double/a_first/part1/Charlevoix_Charlevoix46p2_GROW.jpg,two separate survey dates
58753966,NA,May,1969,NA,NA,NA,TRUE,https://changes-ifr.s3.us-east-2.amazonaws.com/ss1/GROW/double/a_first/part1/Cheboygan_Burt_GROW_243.jpg,https://changes-ifr.s3.us-east-2.amazonaws.com/ss1/GROW/double/a_first/part1/Cheboygan_Burt_GROW_244.jpg,
58753972,12,June,1961,NA,NA,NA,TRUE,https://changes-ifr.s3.us-east-2.amazonaws.com/ss1/GROW/double/a_first/part1/Cheboygan_Cochran_GROW_063.jpg,https://changes-ifr.s3.us-east-2.amazonaws.com/ss1/GROW/double/a_first/part1/Cheboygan_Cochran_GROW_064.jpg,
58754008,NA,December,1983,NA,February,1984,TRUE,https://changes-ifr.s3.us-east-2.amazonaws.com/ss1/GROW/double/a_first/part1/Cheboygan_Silver33N_3W_S11-12_GROW_037.jpg,https://changes-ifr.s3.us-east-2.amazonaws.com/ss1/GROW/double/a_first/part1/Cheboygan_Silver33N_3W_S11-12_GROW_038.jpg,
58754009,18,June,1971,NA,NA,NA,TRUE,https://changes-ifr.s3.us-east-2.amazonaws.com/ss1/GROW/double/a_first/part1/Cheboygan_Silver33N_3W_S11-12_GROW_049.jpg,https://changes-ifr.s3.us-east-2.amazonaws.com/ss1/GROW/double/a_first/part1/Cheboygan_Silver33N_3W_S11-12_GROW_050.jpg,
58754016,18,April,1979,NA,NA,NA,TRUE,https://changes-ifr.s3.us-east-2.amazonaws.com/ss1/GROW/double/a_first/part1/Cheboygan_TowerPond_GROW_012.jpg,https://changes-ifr.s3.us-east-2.amazonaws.com/ss1/GROW/double/a_first/part1/Cheboygan_TowerPond_GROW_013.jpg,
58754040,29,June,1977,NA,NA,NA,TRUE,https://changes-ifr.s3.us-east-2.amazonaws.com/ss1/GROW/double/a_first/part1/Chippewa_Andrus_GROW_024.jpg,https://changes-ifr.s3.us-east-2.amazonaws.com/ss1/GROW/double/a_first/part1/Chippewa_Andrus_GROW_025.jpg,
58754054,26,April,1967,NA,NA,NA,TRUE,https://changes-ifr.s3.us-east-2.amazonaws.com/ss1/GROW/double/a_first/part1/Chippewa_Caribou_GROW_064.jpg,https://changes-ifr.s3.us-east-2.amazonaws.com/ss1/GROW/double/a_first/part1/Chippewa_Caribou_GROW_065.jpg,
58754066,14,September,1993,NA,NA,NA,TRUE,https://changes-ifr.s3.us-east-2.amazonaws.com/ss1/GROW/double/a_first/part1/Chippewa_Dickenson_GROW_002.jpg,https://changes-ifr.s3.us-east-2.amazonaws.com/ss1/GROW/double/a_first/part1/Chippewa_Dickenson_GROW_003.jpg,
58754072,22,August,1975,NA,NA,NA,TRUE,https://changes-ifr.s3.us-east-2.amazonaws.com/ss1/GROW/double/a_first/part1/Chippewa_Dukes_GROW_035.jpg,https://changes-ifr.s3.us-east-2.amazonaws.com/ss1/GROW/double/a_first/part1/Chippewa_Dukes_GROW_036.jpg,
58754076,28,July,1960,NA,NA,NA,TRUE,https://changes-ifr.s3.us-east-2.amazonaws.com/ss1/GROW/double/a_first/part1/Chippewa_Dukes_GROW_039.jpg,https://changes-ifr.s3.us-east-2.amazonaws.com/ss1/GROW/double/a_first/part1/Chippewa_Dukes_GROW_040.jpg,
58754096,11,September,1986,NA,NA,NA,TRUE,https://changes-ifr.s3.us-east-2.amazonaws.com/ss1/GROW/double/a_first/part1/Chippewa_Munuscong_GROW_007.jpg,https://changes-ifr.s3.us-east-2.amazonaws.com/ss1/GROW/double/a_first/part1/Chippewa_Munuscong_GROW_008.jpg,
58754099,11,September,1986,NA,NA,NA,TRUE,https://changes-ifr.s3.us-east-2.amazonaws.com/ss1/GROW/double/a_first/part1/Chippewa_Munuscong_GROW_005.jpg,https://changes-ifr.s3.us-east-2.amazonaws.com/ss1/GROW/double/a_first/part1/Chippewa_Munuscong_GROW_006.jpg,
58754102,30,June,1977,NA,NA,NA,TRUE,https://changes-ifr.s3.us-east-2.amazonaws.com/ss1/GROW/double/a_first/part1/Chippewa_Naomikong_GROW_025.jpg,https://changes-ifr.s3.us-east-2.amazonaws.com/ss1/GROW/double/a_first/part1/Chippewa_Naomikong_GROW_026.jpg,
58754104,16,September,1993,NA,NA,NA,TRUE,https://changes-ifr.s3.us-east-2.amazonaws.com/ss1/GROW/double/a_first/part1/Chippewa_Parish_GROW_003.jpg,https://changes-ifr.s3.us-east-2.amazonaws.com/ss1/GROW/double/a_first/part1/Chippewa_Parish_GROW_004.jpg,
58754158,21,June,1960,NA,NA,NA,TRUE,https://changes-ifr.s3.us-east-2.amazonaws.com/ss1/GROW/double/a_first/part1/Clare_Crooked_18-69_1960_GROW_001_01.jpg,https://changes-ifr.s3.us-east-2.amazonaws.com/ss1/GROW/double/a_first/part1/Clare_Crooked_18-69_1960_GROW_001_02.jpg,
58754161,23,October,1991,NA,NA,NA,TRUE,https://changes-ifr.s3.us-east-2.amazonaws.com/ss1/GROW/double/a_first/part1/Clare_Budd_GROW_128.jpg,https://changes-ifr.s3.us-east-2.amazonaws.com/ss1/GROW/double/a_first/part1/Clare_Budd_GROW_129.jpg,
58754167,8,June,1984,NA,NA,NA,TRUE,https://changes-ifr.s3.us-east-2.amazonaws.com/ss1/GROW/double/a_first/part1/Clare_Crooked_18-69_1984_GROW_001_01.jpg,https://changes-ifr.s3.us-east-2.amazonaws.com/ss1/GROW/double/a_first/part1/Clare_Crooked_18-69_1984_GROW_001_02.jpg,
58754171,22,June,1960,NA,NA,NA,TRUE,https://changes-ifr.s3.us-east-2.amazonaws.com/ss1/GROW/double/a_first/part1/Clare_Crooked_GROW_039.jpg,https://changes-ifr.s3.us-east-2.amazonaws.com/ss1/GROW/double/a_first/part1/Clare_Crooked_GROW_040.jpg,
58754183,13,November,1992,13,February,1993,TRUE,https://changes-ifr.s3.us-east-2.amazonaws.com/ss1/GROW/double/a_first/part1/Clare_DocTom_GROW_004.jpg,https://changes-ifr.s3.us-east-2.amazonaws.com/ss1/GROW/double/a_first/part1/Clare_DocTom_GROW_005.jpg,two separate survey dates
58754196,11,September,1985,NA,NA,NA,TRUE,https://changes-ifr.s3.us-east-2.amazonaws.com/ss1/GROW/double/a_first/part1/Clare_George_GROW_035.jpg,https://changes-ifr.s3.us-east-2.amazonaws.com/ss1/GROW/double/a_first/part1/Clare_George_GROW_036.jpg,
58754199,1,June,1967,NA,NA,NA,TRUE,https://changes-ifr.s3.us-east-2.amazonaws.com/ss1/GROW/double/a_first/part1/Clare_GreenPine_GROW_012.jpg,https://changes-ifr.s3.us-east-2.amazonaws.com/ss1/GROW/double/a_first/part1/Clare_GreenPine_GROW_013.jpg,
58754200,19,September,1962,NA,NA,NA,TRUE,https://changes-ifr.s3.us-east-2.amazonaws.com/ss1/GROW/double/a_first/part1/Clare_GreenPine_GROW_020.jpg,https://changes-ifr.s3.us-east-2.amazonaws.com/ss1/GROW/double/a_first/part1/Clare_GreenPine_GROW_021.jpg,
58754213,31,August,1960,NA,NA,NA,TRUE,https://changes-ifr.s3.us-east-2.amazonaws.com/ss1/GROW/double/a_first/part1/Clare_LittleLong_GROW_103.jpg,https://changes-ifr.s3.us-east-2.amazonaws.com/ss1/GROW/double/a_first/part1/Clare_LittleLong_GROW_104.jpg,
58754228,28,June,1988,NA,NA,NA,TRUE,https://changes-ifr.s3.us-east-2.amazonaws.com/ss1/GROW/double/a_first/part1/Clare_Shamrock_GROW_009.jpg,https://changes-ifr.s3.us-east-2.amazonaws.com/ss1/GROW/double/a_first/part1/Clare_Shamrock_GROW_010.jpg,
58754229,16,October,1985,NA,NA,NA,TRUE,https://changes-ifr.s3.us-east-2.amazonaws.com/ss1/GROW/double/a_first/part1/Clare_Shingle_GROW_017.jpg,https://changes-ifr.s3.us-east-2.amazonaws.com/ss1/GROW/double/a_first/part1/Clare_Shingle_GROW_018.jpg,
58754248,13,September,1978,NA,NA,NA,TRUE,https://changes-ifr.s3.us-east-2.amazonaws.com/ss1/GROW/double/a_first/part1/Clare_Townline_GROW_014.jpg,https://changes-ifr.s3.us-east-2.amazonaws.com/ss1/GROW/double/a_first/part1/Clare_Townline_GROW_015.jpg,
58754265,2,September,1976,NA,NA,NA,TRUE,https://changes-ifr.s3.us-east-2.amazonaws.com/ss1/GROW/double/a_first/part1/Clinton_Ovid_021.jpg,https://changes-ifr.s3.us-east-2.amazonaws.com/ss1/GROW/double/a_first/part1/Clinton_Ovid_022.jpg,
58754267,15,September,1992,NA,NA,NA,TRUE,https://changes-ifr.s3.us-east-2.amazonaws.com/ss1/GROW/double/a_first/part1/Clinton_Ovid_043.jpg,https://changes-ifr.s3.us-east-2.amazonaws.com/ss1/GROW/double/a_first/part1/Clinton_Ovid_044.jpg,
58754276,30,August,1989,NA,NA,NA,TRUE,https://changes-ifr.s3.us-east-2.amazonaws.com/ss1/GROW/double/a_first/part1/Crawford_Bright_GROW_014.jpg,https://changes-ifr.s3.us-east-2.amazonaws.com/ss1/GROW/double/a_first/part1/Crawford_Bright_GROW_015.jpg,
58754301,7,October,1964,NA,NA,NA,TRUE,https://changes-ifr.s3.us-east-2.amazonaws.com/ss1/GROW/double/a_first/part1/Crawford_Jones_GROW_030.jpg,https://changes-ifr.s3.us-east-2.amazonaws.com/ss1/GROW/double/a_first/part1/Crawford_Jones_GROW_031.jpg,
58754304,5,October,1961,NA,NA,NA,TRUE,https://changes-ifr.s3.us-east-2.amazonaws.com/ss1/GROW/double/a_first/part1/Crawford_Jones_GROW_032.jpg,https://changes-ifr.s3.us-east-2.amazonaws.com/ss1/GROW/double/a_first/part1/Crawford_Jones_GROW_033.jpg,
58754318,18,May,1988,19,May,1988,TRUE,https://changes-ifr.s3.us-east-2.amazonaws.com/ss1/GROW/double/a_first/part1/Crawford_Margrethe_GROW_123.jpg,https://changes-ifr.s3.us-east-2.amazonaws.com/ss1/GROW/double/a_first/part1/Crawford_Margrethe_GROW_124.jpg,year cut off
58754321,6,November,1991,NA,NA,NA,TRUE,https://changes-ifr.s3.us-east-2.amazonaws.com/ss1/GROW/double/a_first/part1/Crawford_Sandhill_GROW_016.jpg,https://changes-ifr.s3.us-east-2.amazonaws.com/ss1/GROW/double/a_first/part1/Crawford_Sandhill_GROW_017.jpg,
58754339,12,June,1984,NA,NA,NA,TRUE,https://changes-ifr.s3.us-east-2.amazonaws.com/ss1/GROW/double/a_first/part1/Gladwin_Elk_GROW_016.jpg,https://changes-ifr.s3.us-east-2.amazonaws.com/ss1/GROW/double/a_first/part1/Gladwin_Elk_GROW_017.jpg,
58754343,27,September,1960,NA,NA,NA,TRUE,https://changes-ifr.s3.us-east-2.amazonaws.com/ss1/GROW/double/a_first/part1/Gladwin_Elk_GROW_050.jpg,https://changes-ifr.s3.us-east-2.amazonaws.com/ss1/GROW/double/a_first/part1/Gladwin_Elk_GROW_051.jpg,
58754355,30,September,1992,NA,NA,NA,TRUE,https://changes-ifr.s3.us-east-2.amazonaws.com/ss1/GROW/double/a_first/part1/Gladwin_Lake Lancer_GROW_030.jpg,https://changes-ifr.s3.us-east-2.amazonaws.com/ss1/GROW/double/a_first/part1/Gladwin_Lake Lancer_GROW_031.jpg,
58754356,12,September,1984,NA,NA,NA,TRUE,https://changes-ifr.s3.us-east-2.amazonaws.com/ss1/GROW/double/a_first/part1/Gladwin_Pratts_GROW_021.jpg,https://changes-ifr.s3.us-east-2.amazonaws.com/ss1/GROW/double/a_first/part1/Gladwin_Pratts_GROW_022.jpg,
58754374,24,October,1991,NA,NA,NA,TRUE,https://changes-ifr.s3.us-east-2.amazonaws.com/ss1/GROW/double/a_first/part1/Gladwin_Ross_GROW_172.jpg,https://changes-ifr.s3.us-east-2.amazonaws.com/ss1/GROW/double/a_first/part1/Gladwin_Ross_GROW_173.jpg,
58754403,3,September,1960,NA,NA,NA,TRUE,https://changes-ifr.s3.us-east-2.amazonaws.com/ss1/GROW/double/a_first/part1/Gladwin_Wixom_GROW_076.jpg,https://changes-ifr.s3.us-east-2.amazonaws.com/ss1/GROW/double/a_first/part1/Gladwin_Wixom_GROW_077.jpg,
58754417,21,July,1994,NA,NA,NA,TRUE,https://changes-ifr.s3.us-east-2.amazonaws.com/ss1/GROW/double/a_first/part1/Gogebic_BayWest_GROW_008.jpg,https://changes-ifr.s3.us-east-2.amazonaws.com/ss1/GROW/double/a_first/part1/Gogebic_BayWest_GROW_009.jpg,
58754437,28,August,1962,NA,NA,NA,TRUE,https://changes-ifr.s3.us-east-2.amazonaws.com/ss1/GROW/double/a_first/part1/Gogebic_DuckLittle_GROW_016.jpg,https://changes-ifr.s3.us-east-2.amazonaws.com/ss1/GROW/double/a_first/part1/Gogebic_DuckLittle_GROW_017.jpg,
58754451,11,October,1962,NA,NA,NA,TRUE,https://changes-ifr.s3.us-east-2.amazonaws.com/ss1/GROW/double/a_first/part1/Gogebic_Grass_GROW_024.jpg,https://changes-ifr.s3.us-east-2.amazonaws.com/ss1/GROW/double/a_first/part1/Gogebic_Grass_GROW_025.jpg,
58754488,12,August,1980,NA,NA,NA,TRUE,https://changes-ifr.s3.us-east-2.amazonaws.com/ss1/GROW/double/a_first/part1/Gogebic_Range_GROW_005.jpg,https://changes-ifr.s3.us-east-2.amazonaws.com/ss1/GROW/double/a_first/part1/Gogebic_Range_GROW_006.jpg,
58754501,10,October,1962,NA,NA,NA,TRUE,https://changes-ifr.s3.us-east-2.amazonaws.com/ss1/GROW/double/a_first/part1/Gogebic_Taps_GROW_012.jpg,https://changes-ifr.s3.us-east-2.amazonaws.com/ss1/GROW/double/a_first/part1/Gogebic_Taps_GROW_013.jpg,
58754507,21,June,1968,NA,NA,NA,TRUE,https://changes-ifr.s3.us-east-2.amazonaws.com/ss1/GROW/double/a_first/part1/GrandTraverse_Arbutus_GROW_027.jpg,https://changes-ifr.s3.us-east-2.amazonaws.com/ss1/GROW/double/a_first/part1/GrandTraverse_Arbutus_GROW_028.jpg,
58754536,14,April,1977,NA,NA,NA,TRUE,https://changes-ifr.s3.us-east-2.amazonaws.com/ss1/GROW/double/a_first/part1/GrandTraverse_Fife_GROW_068.jpg,https://changes-ifr.s3.us-east-2.amazonaws.com/ss1/GROW/double/a_first/part1/GrandTraverse_Fife_GROW_069.jpg,
58754540,11,August,1964,NA,NA,NA,TRUE,https://changes-ifr.s3.us-east-2.amazonaws.com/ss1/GROW/double/a_first/part1/GrandTraverse_Fish_GROW_027.jpg,https://changes-ifr.s3.us-east-2.amazonaws.com/ss1/GROW/double/a_first/part1/GrandTraverse_Fish_GROW_028.jpg,
58754543,12,May,1994,NA,NA,NA,TRUE,https://changes-ifr.s3.us-east-2.amazonaws.com/ss1/GROW/double/a_first/part1/GrandTraverse_Long_GROW_029.jpg,https://changes-ifr.s3.us-east-2.amazonaws.com/ss1/GROW/double/a_first/part1/GrandTraverse_Long_GROW_030.jpg,
58754573,22,September,1960,NA,NA,NA,TRUE,https://changes-ifr.s3.us-east-2.amazonaws.com/ss1/GROW/double/a_first/part1/GrandTraverse_Spider_GROW_026.jpg,https://changes-ifr.s3.us-east-2.amazonaws.com/ss1/GROW/double/a_first/part1/GrandTraverse_Spider_GROW_027.jpg,
58754577,26,August,1991,NA,NA,NA,TRUE,https://changes-ifr.s3.us-east-2.amazonaws.com/ss1/GROW/double/a_first/part1/Hillsdale_BawBeese_GROW_019.jpg,https://changes-ifr.s3.us-east-2.amazonaws.com/ss1/GROW/double/a_first/part1/Hillsdale_BawBeese_GROW_020.jpg,
58754592,7,October,1965,NA,NA,NA,TRUE,https://changes-ifr.s3.us-east-2.amazonaws.com/ss1/GROW/double/a_first/part1/Hillsdale_Hemlock_GROW_031.jpg,https://changes-ifr.s3.us-east-2.amazonaws.com/ss1/GROW/double/a_first/part1/Hillsdale_Hemlock_GROW_032.jpg,
58754593,29,July,1964,NA,NA,NA,TRUE,https://changes-ifr.s3.us-east-2.amazonaws.com/ss1/GROW/double/a_first/part1/Hillsdale_Hemlock_GROW_033.jpg,https://changes-ifr.s3.us-east-2.amazonaws.com/ss1/GROW/double/a_first/part1/Hillsdale_Hemlock_GROW_034.jpg,
58754594,23,May,1991,NA,NA,NA,TRUE,https://changes-ifr.s3.us-east-2.amazonaws.com/ss1/GROW/double/a_first/part1/Hillsdale_Lombard_GROW_007.jpg,https://changes-ifr.s3.us-east-2.amazonaws.com/ss1/GROW/double/a_first/part1/Hillsdale_Lombard_GROW_008.jpg,
58754604,20,July,1962,NA,NA,NA,TRUE,https://changes-ifr.s3.us-east-2.amazonaws.com/ss1/GROW/double/a_first/part1/Houghton_Bob_GROW_045.jpg,https://changes-ifr.s3.us-east-2.amazonaws.com/ss1/GROW/double/a_first/part1/Houghton_Bob_GROW_046.jpg,
58754605,30,May,1986,NA,NA,NA,TRUE,https://changes-ifr.s3.us-east-2.amazonaws.com/ss1/GROW/double/a_first/part1/Houghton_Clear_GROW_021.jpg,https://changes-ifr.s3.us-east-2.amazonaws.com/ss1/GROW/double/a_first/part1/Houghton_Clear_GROW_022.jpg,
58754621,2,August,1991,NA,NA,NA,TRUE,https://changes-ifr.s3.us-east-2.amazonaws.com/ss1/GROW/double/a_first/part1/Houghton_Pike_GROW_005.jpg,https://changes-ifr.s3.us-east-2.amazonaws.com/ss1/GROW/double/a_first/part1/Houghton_Pike_GROW_006.jpg,
58754631,29,July,1986,NA,NA,NA,TRUE,https://changes-ifr.s3.us-east-2.amazonaws.com/ss1/GROW/double/a_first/part1/Ingham_Fidelity_GROW_004.jpg,https://changes-ifr.s3.us-east-2.amazonaws.com/ss1/GROW/double/a_first/part1/Ingham_Fidelity_GROW_005.jpg,
58754653,29,May,1983,NA,NA,NA,TRUE,https://changes-ifr.s3.us-east-2.amazonaws.com/ss1/GROW/double/a_first/part1/Ionia_Morrison_GROW_120.jpg,https://changes-ifr.s3.us-east-2.amazonaws.com/ss1/GROW/double/a_first/part1/Ionia_Morrison_GROW_121.jpg,
58754657,9,May,1990,NA,NA,NA,TRUE,https://changes-ifr.s3.us-east-2.amazonaws.com/ss1/GROW/double/a_first/part1/Ionia_Woodard_GROW_019.jpg,https://changes-ifr.s3.us-east-2.amazonaws.com/ss1/GROW/double/a_first/part1/Ionia_Woodard_GROW_020.jpg,
58754662,1,September,1987,NA,NA,NA,TRUE,https://changes-ifr.s3.us-east-2.amazonaws.com/ss1/GROW/double/a_first/part1/Ionia_Woodard_GROW_101.jpg,https://changes-ifr.s3.us-east-2.amazonaws.com/ss1/GROW/double/a_first/part1/Ionia_Woodard_GROW_102.jpg,
58754685,19,September,1989,NA,NA,NA,TRUE,https://changes-ifr.s3.us-east-2.amazonaws.com/ss1/GROW/double/a_first/part2/Iosco_Sand_GROW_012.jpg,https://changes-ifr.s3.us-east-2.amazonaws.com/ss1/GROW/double/a_first/part2/Iosco_Sand_GROW_013.jpg,
58754691,14,June,1994,NA,NA,NA,TRUE,https://changes-ifr.s3.us-east-2.amazonaws.com/ss1/GROW/double/a_first/part2/Iron_Bass_GROW_036.jpg,https://changes-ifr.s3.us-east-2.amazonaws.com/ss1/GROW/double/a_first/part2/Iron_Bass_GROW_037.jpg,
58754699,21,June,1993,NA,NA,NA,TRUE,https://changes-ifr.s3.us-east-2.amazonaws.com/ss1/GROW/double/a_first/part2/Iron_Buck_GROW_034.jpg,https://changes-ifr.s3.us-east-2.amazonaws.com/ss1/GROW/double/a_first/part2/Iron_Buck_GROW_035.jpg,
58754702,14,September,1995,NA,NA,NA,TRUE,https://changes-ifr.s3.us-east-2.amazonaws.com/ss1/GROW/double/a_first/part2/Iron_Cable_GROW_035.jpg,https://changes-ifr.s3.us-east-2.amazonaws.com/ss1/GROW/double/a_first/part2/Iron_Cable_GROW_036.jpg,
58754714,10,May,1984,NA,NA,NA,TRUE,https://changes-ifr.s3.us-east-2.amazonaws.com/ss1/GROW/double/a_first/part2/Iron_Chicagon_GROW_049.jpg,https://changes-ifr.s3.us-east-2.amazonaws.com/ss1/GROW/double/a_first/part2/Iron_Chicagon_GROW_050.jpg,
58754729,13,June,1984,NA,NA,NA,TRUE,https://changes-ifr.s3.us-east-2.amazonaws.com/ss1/GROW/double/a_first/part2/Iron_Dawson_GROW_016.jpg,https://changes-ifr.s3.us-east-2.amazonaws.com/ss1/GROW/double/a_first/part2/Iron_Dawson_GROW_017.jpg,
58754742,12,September,1991,NA,NA,NA,TRUE,https://changes-ifr.s3.us-east-2.amazonaws.com/ss1/GROW/double/a_first/part2/Iron_Emily_GROW_034.jpg,https://changes-ifr.s3.us-east-2.amazonaws.com/ss1/GROW/double/a_first/part2/Iron_Emily_GROW_035.jpg,
58754743,19,June,1985,NA,NA,NA,TRUE,https://changes-ifr.s3.us-east-2.amazonaws.com/ss1/GROW/double/a_first/part2/Iron_Erickson_GROW_016.jpg,https://changes-ifr.s3.us-east-2.amazonaws.com/ss1/GROW/double/a_first/part2/Iron_Erickson_GROW_017.jpg,
58754760,28,September,1994,NA,NA,NA,TRUE,https://changes-ifr.s3.us-east-2.amazonaws.com/ss1/GROW/double/a_first/part2/Iron_Hagerman_GROW_089.jpg,https://changes-ifr.s3.us-east-2.amazonaws.com/ss1/GROW/double/a_first/part2/Iron_Hagerman_GROW_090.jpg,
58754768,17,September,1990,NA,NA,NA,TRUE,https://changes-ifr.s3.us-east-2.amazonaws.com/ss1/GROW/double/a_first/part2/Iron_Ice_GROW_049.jpg,https://changes-ifr.s3.us-east-2.amazonaws.com/ss1/GROW/double/a_first/part2/Iron_Ice_GROW_050.jpg,
58754773,7,October,1981,NA,NA,NA,TRUE,https://changes-ifr.s3.us-east-2.amazonaws.com/ss1/GROW/double/a_first/part2/Iron_Iron_GROW_016.jpg,https://changes-ifr.s3.us-east-2.amazonaws.com/ss1/GROW/double/a_first/part2/Iron_Iron_GROW_017.jpg,
58754777,21,April,1994,NA,NA,NA,TRUE,https://changes-ifr.s3.us-east-2.amazonaws.com/ss1/GROW/double/a_first/part2/Iron_Iron_GROW_078.jpg,https://changes-ifr.s3.us-east-2.amazonaws.com/ss1/GROW/double/a_first/part2/Iron_Iron_GROW_079.jpg,
58754781,22,October,1991,NA,NA,NA,TRUE,https://changes-ifr.s3.us-east-2.amazonaws.com/ss1/GROW/double/a_first/part2/Iron_Killdeer_GROW_037.jpg,https://changes-ifr.s3.us-east-2.amazonaws.com/ss1/GROW/double/a_first/part2/Iron_Killdeer_GROW_038.jpg,
58754784,2,May,1986,NA,NA,NA,TRUE,https://changes-ifr.s3.us-east-2.amazonaws.com/ss1/GROW/double/a_first/part2/Iron_Long43N_33W_S16-17_GROW_053.jpg,https://changes-ifr.s3.us-east-2.amazonaws.com/ss1/GROW/double/a_first/part2/Iron_Long43N_33W_S16-17_GROW_054.jpg,
58754786,29,October,1991,NA,NA,NA,TRUE,https://changes-ifr.s3.us-east-2.amazonaws.com/ss1/GROW/double/a_first/part2/Iron_Madelyn_GROW_010.jpg,https://changes-ifr.s3.us-east-2.amazonaws.com/ss1/GROW/double/a_first/part2/Iron_Madelyn_GROW_011.jpg,
58754792,26,September,1990,NA,NA,NA,TRUE,https://changes-ifr.s3.us-east-2.amazonaws.com/ss1/GROW/double/a_first/part2/Iron_MichigammeReservoir_GROW_077.jpg,https://changes-ifr.s3.us-east-2.amazonaws.com/ss1/GROW/double/a_first/part2/Iron_MichigammeReservoir_GROW_078.jpg,
58754801,25,April,1988,17,May,1988,TRUE,https://changes-ifr.s3.us-east-2.amazonaws.com/ss1/GROW/double/a_first/part2/Iron_Ottawa_GROW_101.jpg,https://changes-ifr.s3.us-east-2.amazonaws.com/ss1/GROW/double/a_first/part2/Iron_Ottawa_GROW_102.jpg,year cut off
58754808,13,October,1988,NA,NA,NA,TRUE,https://changes-ifr.s3.us-east-2.amazonaws.com/ss1/GROW/double/a_first/part2/Iron_PaintPond_GROW_018.jpg,https://changes-ifr.s3.us-east-2.amazonaws.com/ss1/GROW/double/a_first/part2/Iron_PaintPond_GROW_019.jpg,
58754812,23,September,1992,NA,NA,NA,TRUE,https://changes-ifr.s3.us-east-2.amazonaws.com/ss1/GROW/double/a_first/part2/Iron_Perch_GROW_042.jpg,https://changes-ifr.s3.us-east-2.amazonaws.com/ss1/GROW/double/a_first/part2/Iron_Perch_GROW_043.jpg,
58754813,8,June,1984,NA,NA,NA,TRUE,https://changes-ifr.s3.us-east-2.amazonaws.com/ss1/GROW/double/a_first/part2/Iron_PeavyPond_GROW_017.jpg,https://changes-ifr.s3.us-east-2.amazonaws.com/ss1/GROW/double/a_first/part2/Iron_PeavyPond_GROW_018.jpg,
58754823,23,July,1987,NA,NA,NA,TRUE,https://changes-ifr.s3.us-east-2.amazonaws.com/ss1/GROW/double/a_first/part2/Iron_SkylineLittle_GROW_013.jpg,https://changes-ifr.s3.us-east-2.amazonaws.com/ss1/GROW/double/a_first/part2/Iron_SkylineLittle_GROW_014.jpg,
58754828,29,October,1991,NA,NA,NA,TRUE,https://changes-ifr.s3.us-east-2.amazonaws.com/ss1/GROW/double/a_first/part2/Iron_Spree_GROW_013.jpg,https://changes-ifr.s3.us-east-2.amazonaws.com/ss1/GROW/double/a_first/part2/Iron_Spree_GROW_014.jpg,
58754831,15,June,1988,NA,NA,NA,TRUE,https://changes-ifr.s3.us-east-2.amazonaws.com/ss1/GROW/double/a_first/part2/Iron_Stager_GROW_027.jpg,https://changes-ifr.s3.us-east-2.amazonaws.com/ss1/GROW/double/a_first/part2/Iron_Stager_GROW_028.jpg,
58754850,21,April,1990,NA,NA,NA,TRUE,https://changes-ifr.s3.us-east-2.amazonaws.com/ss1/GROW/double/a_first/part2/Iron_Sunset_GROW_068.jpg,https://changes-ifr.s3.us-east-2.amazonaws.com/ss1/GROW/double/a_first/part2/Iron_Sunset_GROW_069.jpg,
58754853,15,September,1981,NA,NA,NA,TRUE,https://changes-ifr.s3.us-east-2.amazonaws.com/ss1/GROW/double/a_first/part2/Iron_Swan_GROW_017.jpg,https://changes-ifr.s3.us-east-2.amazonaws.com/ss1/GROW/double/a_first/part2/Iron_Swan_GROW_018.jpg,
58754854,9,June,1981,NA,NA,NA,TRUE,https://changes-ifr.s3.us-east-2.amazonaws.com/ss1/GROW/double/a_first/part2/Iron_Swan_GROW_019.jpg,https://changes-ifr.s3.us-east-2.amazonaws.com/ss1/GROW/double/a_first/part2/Iron_Swan_GROW_020.jpg,
58754873,10,October,1962,NA,NA,NA,TRUE,https://changes-ifr.s3.us-east-2.amazonaws.com/ss1/GROW/double/a_first/part2/Isabella_Halls_GROW_073.jpg,https://changes-ifr.s3.us-east-2.amazonaws.com/ss1/GROW/double/a_first/part2/Isabella_Halls_GROW_074.jpg,
58754878,9,August,1988,NA,NA,NA,TRUE,https://changes-ifr.s3.us-east-2.amazonaws.com/ss1/GROW/double/a_first/part2/Isabella_Herrick_GROW_006.jpg,https://changes-ifr.s3.us-east-2.amazonaws.com/ss1/GROW/double/a_first/part2/Isabella_Herrick_GROW_007.jpg,
58754889,4,October,1984,NA,NA,NA,TRUE,https://changes-ifr.s3.us-east-2.amazonaws.com/ss1/GROW/double/a_first/part2/Isabella_Stevenson_GROW_013.jpg,https://changes-ifr.s3.us-east-2.amazonaws.com/ss1/GROW/double/a_first/part2/Isabella_Stevenson_GROW_014.jpg,
58754927,28,September,1964,NA,NA,NA,TRUE,https://changes-ifr.s3.us-east-2.amazonaws.com/ss1/GROW/double/a_first/part2/Jackson_Lime_GROW_018.jpg,https://changes-ifr.s3.us-east-2.amazonaws.com/ss1/GROW/double/a_first/part2/Jackson_Lime_GROW_019.jpg,
58754930,11,June,1985,NA,NA,NA,TRUE,https://changes-ifr.s3.us-east-2.amazonaws.com/ss1/GROW/double/a_first/part2/Jackson_Norvell_GROW_014.jpg,https://changes-ifr.s3.us-east-2.amazonaws.com/ss1/GROW/double/a_first/part2/Jackson_Norvell_GROW_015.jpg,
58754941,1,June,1990,NA,NA,NA,TRUE,https://changes-ifr.s3.us-east-2.amazonaws.com/ss1/GROW/double/a_first/part2/Jackson_Round4S_1-2W_S30-31-25-36_GROW_065.jpg,https://changes-ifr.s3.us-east-2.amazonaws.com/ss1/GROW/double/a_first/part2/Jackson_Round4S_1-2W_S30-31-25-36_GROW_066.jpg,
58754972,7,December,1962,NA,NA,NA,TRUE,https://changes-ifr.s3.us-east-2.amazonaws.com/ss1/GROW/double/a_first/part2/Kalamazoo_Indian_GROW_027.jpg,https://changes-ifr.s3.us-east-2.amazonaws.com/ss1/GROW/double/a_first/part2/Kalamazoo_Indian_GROW_028.jpg,
58754974,14,September,1962,NA,NA,NA,TRUE,https://changes-ifr.s3.us-east-2.amazonaws.com/ss1/GROW/double/a_first/part2/Kalamazoo_Long_GROW_029.jpg,https://changes-ifr.s3.us-east-2.amazonaws.com/ss1/GROW/double/a_first/part2/Kalamazoo_Long_GROW_030.jpg,
58754990,20,October,1981,NA,NA,NA,TRUE,https://changes-ifr.s3.us-east-2.amazonaws.com/ss1/GROW/double/a_first/part2/Kalamazoo_Threes_GROW_011.jpg,https://changes-ifr.s3.us-east-2.amazonaws.com/ss1/GROW/double/a_first/part2/Kalamazoo_Threes_GROW_012.jpg,
58754997,16,October,1962,NA,NA,NA,TRUE,https://changes-ifr.s3.us-east-2.amazonaws.com/ss1/GROW/double/a_first/part2/Kalkaska_BlueBig_GROW_039.jpg,https://changes-ifr.s3.us-east-2.amazonaws.com/ss1/GROW/double/a_first/part2/Kalkaska_BlueBig_GROW_040.jpg,
58755003,13,September,1963,NA,NA,NA,TRUE,https://changes-ifr.s3.us-east-2.amazonaws.com/ss1/GROW/double/a_first/part2/Kalkaska_GuernseyBig_GROW_054.jpg,https://changes-ifr.s3.us-east-2.amazonaws.com/ss1/GROW/double/a_first/part2/Kalkaska_GuernseyBig_GROW_055.jpg,
58755005,30,May,1991,NA,NA,NA,TRUE,https://changes-ifr.s3.us-east-2.amazonaws.com/ss1/GROW/double/a_first/part2/Kalkaska_Log_GROW_027.jpg,https://changes-ifr.s3.us-east-2.amazonaws.com/ss1/GROW/double/a_first/part2/Kalkaska_Log_GROW_028.jpg,
58755032,3,September,1975,NA,NA,NA,TRUE,https://changes-ifr.s3.us-east-2.amazonaws.com/ss1/GROW/double/a_first/part2/Kent_Bass_GROW_081.jpg,https://changes-ifr.s3.us-east-2.amazonaws.com/ss1/GROW/double/a_first/part2/Kent_Bass_GROW_082.jpg,
58755038,9,June,1993,NA,NA,NA,TRUE,https://changes-ifr.s3.us-east-2.amazonaws.com/ss1/GROW/double/a_first/part2/Kent_Bass_GROW_101.jpg,https://changes-ifr.s3.us-east-2.amazonaws.com/ss1/GROW/double/a_first/part2/Kent_Bass_GROW_102.jpg,
58755049,1,October,1986,NA,NA,NA,TRUE,https://changes-ifr.s3.us-east-2.amazonaws.com/ss1/GROW/double/a_first/part2/Kent_BrowerBig_GROW_078.jpg,https://changes-ifr.s3.us-east-2.amazonaws.com/ss1/GROW/double/a_first/part2/Kent_BrowerBig_GROW_079.jpg,
58755056,22,June,1977,NA,NA,NA,TRUE,https://changes-ifr.s3.us-east-2.amazonaws.com/ss1/GROW/double/a_first/part2/Kent_Campau_GROW_024.jpg,https://changes-ifr.s3.us-east-2.amazonaws.com/ss1/GROW/double/a_first/part2/Kent_Campau_GROW_025.jpg,
58755077,9,March,1975,NA,NA,NA,TRUE,https://changes-ifr.s3.us-east-2.amazonaws.com/ss1/GROW/double/a_first/part2/Kent_GrandvilleGravelPit_GROW_002.jpg,https://changes-ifr.s3.us-east-2.amazonaws.com/ss1/GROW/double/a_first/part2/Kent_GrandvilleGravelPit_GROW_003.jpg,
58755078,3,June,1970,NA,NA,NA,TRUE,https://changes-ifr.s3.us-east-2.amazonaws.com/ss1/GROW/double/a_first/part2/Kent_Gove_GROW_017.jpg,https://changes-ifr.s3.us-east-2.amazonaws.com/ss1/GROW/double/a_first/part2/Kent_Gove_GROW_018.jpg,
58755084,1,November,1977,NA,NA,NA,TRUE,https://changes-ifr.s3.us-east-2.amazonaws.com/ss1/GROW/double/a_first/part2/Kent_Lime_GROW_028.jpg,https://changes-ifr.s3.us-east-2.amazonaws.com/ss1/GROW/double/a_first/part2/Kent_Lime_GROW_029.jpg,
58755105,14,November,1978,NA,NA,NA,TRUE,https://changes-ifr.s3.us-east-2.amazonaws.com/ss1/GROW/double/a_first/part2/Kent_Marjella_GROW_014.jpg,https://changes-ifr.s3.us-east-2.amazonaws.com/ss1/GROW/double/a_first/part2/Kent_Marjella_GROW_015.jpg,
58755112,3,February,1973,NA,NA,NA,TRUE,https://changes-ifr.s3.us-east-2.amazonaws.com/ss1/GROW/double/a_first/part2/Kent_Pine_GROW_021.jpg,https://changes-ifr.s3.us-east-2.amazonaws.com/ss1/GROW/double/a_first/part2/Kent_Pine_GROW_022.jpg,
58755131,16,June,1970,NA,NA,NA,TRUE,https://changes-ifr.s3.us-east-2.amazonaws.com/ss1/GROW/double/a_first/part2/Kent_PineIslandBig_GROW_093.jpg,https://changes-ifr.s3.us-east-2.amazonaws.com/ss1/GROW/double/a_first/part2/Kent_PineIslandBig_GROW_094.jpg,
58755136,24,August,1976,NA,NA,NA,TRUE,https://changes-ifr.s3.us-east-2.amazonaws.com/ss1/GROW/double/a_first/part2/Kent_Reeds_GROW_019.jpg,https://changes-ifr.s3.us-east-2.amazonaws.com/ss1/GROW/double/a_first/part2/Kent_Reeds_GROW_020.jpg,
58755138,2,March,1972,NA,NA,NA,TRUE,https://changes-ifr.s3.us-east-2.amazonaws.com/ss1/GROW/double/a_first/part2/Kent_Reeds_GROW_025.jpg,https://changes-ifr.s3.us-east-2.amazonaws.com/ss1/GROW/double/a_first/part2/Kent_Reeds_GROW_026.jpg,
58755143,22,July,1971,NA,NA,NA,TRUE,https://changes-ifr.s3.us-east-2.amazonaws.com/ss1/GROW/double/a_first/part2/Kent_Scram_GROW_011.jpg,https://changes-ifr.s3.us-east-2.amazonaws.com/ss1/GROW/double/a_first/part2/Kent_Scram_GROW_012.jpg,
58755144,6,October,1960,NA,NA,NA,TRUE,https://changes-ifr.s3.us-east-2.amazonaws.com/ss1/GROW/double/a_first/part2/Kent_Scally_GROW_024.jpg,https://changes-ifr.s3.us-east-2.amazonaws.com/ss1/GROW/double/a_first/part2/Kent_Scally_GROW_025.jpg,
58755146,21,August,1983,2,January,1984,TRUE,https://changes-ifr.s3.us-east-2.amazonaws.com/ss1/GROW/double/a_first/part2/Kent_Scram_GROW_059.jpg,https://changes-ifr.s3.us-east-2.amazonaws.com/ss1/GROW/double/a_first/part2/Kent_Scram_GROW_060.jpg,"Many separate dates, first and last date included"
58755160,19,October,1989,NA,NA,NA,TRUE,https://changes-ifr.s3.us-east-2.amazonaws.com/ss1/GROW/double/a_first/part2/Keweenaw_FannyHooe_GROW_030.jpg,https://changes-ifr.s3.us-east-2.amazonaws.com/ss1/GROW/double/a_first/part2/Keweenaw_FannyHooe_GROW_031.jpg,
58755162,9,August,1994,NA,NA,NA,TRUE,https://changes-ifr.s3.us-east-2.amazonaws.com/ss1/GROW/double/a_first/part2/Keweenaw_LacLaBelle_GROW_013.jpg,https://changes-ifr.s3.us-east-2.amazonaws.com/ss1/GROW/double/a_first/part2/Keweenaw_LacLaBelle_GROW_014.jpg,
58755171,17,May,1990,NA,NA,NA,TRUE,https://changes-ifr.s3.us-east-2.amazonaws.com/ss1/GROW/double/a_first/part2/Keweenaw_Manganese_GROW_046.jpg,https://changes-ifr.s3.us-east-2.amazonaws.com/ss1/GROW/double/a_first/part2/Keweenaw_Manganese_GROW_047.jpg,
58755176,NA,June,1982,NA,NA,NA,TRUE,https://changes-ifr.s3.us-east-2.amazonaws.com/ss1/GROW/double/a_first/part2/Lake_BassBig_GROW_053.jpg,https://changes-ifr.s3.us-east-2.amazonaws.com/ss1/GROW/double/a_first/part2/Lake_BassBig_GROW_054.jpg,
58755189,13,October,1960,NA,NA,NA,TRUE,https://changes-ifr.s3.us-east-2.amazonaws.com/ss1/GROW/double/a_first/part2/Lake_Oxbow_GROW_005.jpg,https://changes-ifr.s3.us-east-2.amazonaws.com/ss1/GROW/double/a_first/part2/Lake_Oxbow_GROW_006.jpg,
58755191,NA,July,1982,NA,NA,NA,TRUE,https://changes-ifr.s3.us-east-2.amazonaws.com/ss1/GROW/double/a_first/part2/Lake_Rainbow_GROW_007.jpg,https://changes-ifr.s3.us-east-2.amazonaws.com/ss1/GROW/double/a_first/part2/Lake_Rainbow_GROW_008.jpg,
58755207,3,May,1990,NA,NA,NA,TRUE,https://changes-ifr.s3.us-east-2.amazonaws.com/ss1/GROW/double/a_first/part2/Lapeer_Algoe_FISHc_019.jpg,https://changes-ifr.s3.us-east-2.amazonaws.com/ss1/GROW/double/a_first/part2/Lapeer_Algoe_FISHc_020.jpg,
58755214,15,September,1965,NA,NA,NA,TRUE,https://changes-ifr.s3.us-east-2.amazonaws.com/ss1/GROW/double/a_first/part2/Lapeer_Long8N_10E_S18_FISHc_058.jpg,https://changes-ifr.s3.us-east-2.amazonaws.com/ss1/GROW/double/a_first/part2/Lapeer_Long8N_10E_S18_FISHc_059.jpg,
58755230,19,July,1983,NA,NA,NA,TRUE,https://changes-ifr.s3.us-east-2.amazonaws.com/ss1/GROW/double/a_first/part2/Lapeer_Pero_FISHc_016.jpg,https://changes-ifr.s3.us-east-2.amazonaws.com/ss1/GROW/double/a_first/part2/Lapeer_Pero_FISHc_017.jpg,
58755254,14,December,1966,12,January,1967,TRUE,https://changes-ifr.s3.us-east-2.amazonaws.com/ss1/GROW/double/a_first/part2/Schoolcraft_Indian_75-69_1967_GROW_001_01.jpg,https://changes-ifr.s3.us-east-2.amazonaws.com/ss1/GROW/double/a_first/part2/Schoolcraft_Indian_75-69_1967_GROW_001_02.jpg,two separate survey dates
58755266,1,March,1993,NA,NA,NA,TRUE,https://changes-ifr.s3.us-east-2.amazonaws.com/ss1/GROW/double/a_first/part2/VanBuren_VanBuren_Huzzy_GROW_GROW_1.jpeg,https://changes-ifr.s3.us-east-2.amazonaws.com/ss1/GROW/double/a_first/part2/VanBuren_VanBuren_Huzzy_GROW_GROW_2.jpeg,
58755304,19,May,1994,NA,NA,NA,TRUE,https://changes-ifr.s3.us-east-2.amazonaws.com/ss1/GROW/double/a_first/part2/Washtenaw_Joslin_GROW_20200225125514132_0012.jpeg,https://changes-ifr.s3.us-east-2.amazonaws.com/ss1/GROW/double/a_first/part2/Washtenaw_Joslin_GROW_20200225125514132_0013.jpeg,
58755312,13,May,1988,NA,NA,NA,TRUE,https://changes-ifr.s3.us-east-2.amazonaws.com/ss1/GROW/double/a_first/part2/Washtenaw_Joslin_GROW_20200225125514132_0072.jpeg,https://changes-ifr.s3.us-east-2.amazonaws.com/ss1/GROW/double/a_first/part2/Washtenaw_Joslin_GROW_20200225125514132_0073.jpeg,
59073198,17,May,1977,NA,NA,NA,TRUE,https://changes-ifr.s3.us-east-2.amazonaws.com/ss1/GROW/double/a_first/part1/Cheboygan_Long_GROW_023.jpg,https://changes-ifr.s3.us-east-2.amazonaws.com/ss1/GROW/double/a_first/part1/Cheboygan_Long_GROW_024.jpg,
59073200,3,August,1973,NA,NA,NA,TRUE,https://changes-ifr.s3.us-east-2.amazonaws.com/ss1/GROW/double/a_first/part1/Cheboygan_Long_GROW_049.jpg,https://changes-ifr.s3.us-east-2.amazonaws.com/ss1/GROW/double/a_first/part1/Cheboygan_Long_GROW_050.jpg,
59073211,27,July,1972,NA,NA,NA,TRUE,https://changes-ifr.s3.us-east-2.amazonaws.com/ss1/GROW/double/a_first/part1/Cheboygan_Mullett_GROW_139.jpg,https://changes-ifr.s3.us-east-2.amazonaws.com/ss1/GROW/double/a_first/part1/Cheboygan_Mullett_GROW_140.jpg,
59152204,1,May,1972,NA,NA,NA,TRUE,https://changes-ifr.s3.us-east-2.amazonaws.com/ss1/GROW/double/a_first/part1/Cheboygan_Douglas_GROW_075.jpg,https://changes-ifr.s3.us-east-2.amazonaws.com/ss1/GROW/double/a_first/part1/Cheboygan_Douglas_GROW_076.jpg,
59152211,17,May,1977,NA,NA,NA,TRUE,https://changes-ifr.s3.us-east-2.amazonaws.com/ss1/GROW/double/a_first/part1/Cheboygan_Long_GROW_023.jpg,https://changes-ifr.s3.us-east-2.amazonaws.com/ss1/GROW/double/a_first/part1/Cheboygan_Long_GROW_024.jpg,
59152215,12,October,1961,NA,NA,NA,TRUE,https://changes-ifr.s3.us-east-2.amazonaws.com/ss1/GROW/double/a_first/part1/Cheboygan_Long_GROW_057.jpg,https://changes-ifr.s3.us-east-2.amazonaws.com/ss1/GROW/double/a_first/part1/Cheboygan_Long_GROW_058.jpg,
59687821,14,July,1959,NA,NA,NA,TRUE,https://changes-ifr.s3.us-east-2.amazonaws.com/ss2/GROW/b_first/Otsego_Pickerel_GROW_044.jpeg,https://changes-ifr.s3.us-east-2.amazonaws.com/ss2/GROW/b_first/Otsego_Pickerel_GROW_043.jpeg,
59687823,6,November,1981,NA,NA,NA,TRUE,https://changes-ifr.s3.us-east-2.amazonaws.com/ss2/GROW/b_first/Otsego_Pickerel_GROW_024.jpeg,https://changes-ifr.s3.us-east-2.amazonaws.com/ss2/GROW/b_first/Otsego_Pickerel_GROW_023.jpeg,
59687835,25,April,1972,NA,NA,NA,TRUE,https://changes-ifr.s3.us-east-2.amazonaws.com/ss2/GROW/b_first/Otsego_Otsego_GROW_072.jpeg,https://changes-ifr.s3.us-east-2.amazonaws.com/ss2/GROW/b_first/Otsego_Otsego_GROW_071.jpeg,
59687850,8,September,1994,NA,NA,NA,TRUE,https://changes-ifr.s3.us-east-2.amazonaws.com/ss2/GROW/b_first/Otsego_Otsego_GROW_008.jpeg,https://changes-ifr.s3.us-east-2.amazonaws.com/ss2/GROW/b_first/Otsego_Otsego_GROW_007.jpeg,
59687864,9,July,1968,NA,NA,NA,TRUE,https://changes-ifr.s3.us-east-2.amazonaws.com/ss2/GROW/b_first/Otsego_Marjory_GROW_004.jpeg,https://changes-ifr.s3.us-east-2.amazonaws.com/ss2/GROW/b_first/Otsego_Marjory_GROW_003.jpeg,
59687865,14,June,1975,NA,NA,NA,TRUE,https://changes-ifr.s3.us-east-2.amazonaws.com/ss2/GROW/b_first/Otsego_Manuka_GROW_016.jpeg,https://changes-ifr.s3.us-east-2.amazonaws.com/ss2/GROW/b_first/Otsego_Manuka_GROW_015.jpeg,
59687893,10,June,1970,NA,NA,NA,TRUE,https://changes-ifr.s3.us-east-2.amazonaws.com/ss2/GROW/b_first/Otsego_Douglas_GROW_046.jpeg,https://changes-ifr.s3.us-east-2.amazonaws.com/ss2/GROW/b_first/Otsego_Douglas_GROW_045.jpeg,
59687906,7,September,1994,NA,NA,NA,TRUE,https://changes-ifr.s3.us-east-2.amazonaws.com/ss2/GROW/b_first/Otsego_Dixon_GROW_002.jpeg,https://changes-ifr.s3.us-east-2.amazonaws.com/ss2/GROW/b_first/Otsego_Dixon_GROW_001.jpeg,
59687987,NA,NA,1990,NA,NA,1991,TRUE,https://changes-ifr.s3.us-east-2.amazonaws.com/ss2/GROW/single/ALPENA_LONG_GROW_0005.jpeg,NA,Mant dates not listed
59688027,29,August,1984,29,May,1985,TRUE,https://changes-ifr.s3.us-east-2.amazonaws.com/ss2/GROW/single/Kent_Long_GROW_002.jpg,NA,two separate survey dates
59688056,2,June,1983,NA,NA,NA,TRUE,https://changes-ifr.s3.us-east-2.amazonaws.com/ss2/GROW/single/Luce_BelleI_FISHs_003.jpg,NA,
59688070,17,September,1980,NA,NA,NA,TRUE,https://changes-ifr.s3.us-east-2.amazonaws.com/ss2/GROW/single/Luce_Pratt_FISHs_004.jpg,NA,
59688073,10,June,1983,NA,NA,NA,TRUE,https://changes-ifr.s3.us-east-2.amazonaws.com/ss2/GROW/single/Luce_Syphon_FISHs_039.jpg,NA,
59688119,18,July,1986,NA,NA,NA,TRUE,https://changes-ifr.s3.us-east-2.amazonaws.com/ss2/GROW/single/Marquette_Log_GROW_095.jpg,NA,
59962259,16,October,1991,NA,NA,NA,TRUE,https://changes-ifr.s3.us-east-2.amazonaws.com/ss2/GROW/a_first/ALCONA_HUBBARD_GROW_0001_1.jpeg,https://changes-ifr.s3.us-east-2.amazonaws.com/ss2/GROW/a_first/ALCONA_HUBBARD_GROW_0001_2.jpeg,
59962267,21,September,1993,NA,NA,NA,TRUE,https://changes-ifr.s3.us-east-2.amazonaws.com/ss2/GROW/a_first/ALCONA_JEWELL_GROW_0001_1.jpeg,https://changes-ifr.s3.us-east-2.amazonaws.com/ss2/GROW/a_first/ALCONA_JEWELL_GROW_0001_2.jpeg,
59962268,10,October,1991,NA,NA,NA,TRUE,https://changes-ifr.s3.us-east-2.amazonaws.com/ss2/GROW/a_first/ALCONA_JEWELL_GROW_0003_1.jpeg,https://changes-ifr.s3.us-east-2.amazonaws.com/ss2/GROW/a_first/ALCONA_JEWELL_GROW_0003_2.jpeg,
59962294,17,October,1991,NA,NA,NA,TRUE,https://changes-ifr.s3.us-east-2.amazonaws.com/ss2/GROW/a_first/ALCONA_VAUGHN_GROW_0001_1.jpeg,https://changes-ifr.s3.us-east-2.amazonaws.com/ss2/GROW/a_first/ALCONA_VAUGHN_GROW_0001_2.jpeg,
59962330,19,July,1985,NA,NA,NA,TRUE,https://changes-ifr.s3.us-east-2.amazonaws.com/ss2/GROW/a_first/ALGER_DAVIES_GROW_0001_1.jpeg,https://changes-ifr.s3.us-east-2.amazonaws.com/ss2/GROW/a_first/ALGER_DAVIES_GROW_0001_2.jpeg,
59962338,2,August,1967,NA,NA,NA,TRUE,https://changes-ifr.s3.us-east-2.amazonaws.com/ss2/GROW/a_first/ALGER_GRANDSABLE_GROW_0004_1.jpeg,https://changes-ifr.s3.us-east-2.amazonaws.com/ss2/GROW/a_first/ALGER_GRANDSABLE_GROW_0004_2.jpeg,
59962364,17,September,1987,NA,NA,NA,TRUE,https://changes-ifr.s3.us-east-2.amazonaws.com/ss2/GROW/a_first/ALGER_LONG47NR16WSEC433_GROW_0001_1.jpeg,https://changes-ifr.s3.us-east-2.amazonaws.com/ss2/GROW/a_first/ALGER_LONG47NR16WSEC433_GROW_0001_2.jpeg,
59962365,30,July,1957,NA,NA,NA,TRUE,https://changes-ifr.s3.us-east-2.amazonaws.com/ss2/GROW/a_first/ALGER_LONG47NR16WSEC433_GROW_0002_1.jpeg,https://changes-ifr.s3.us-east-2.amazonaws.com/ss2/GROW/a_first/ALGER_LONG47NR16WSEC433_GROW_0002_2.jpeg,
59962367,24,September,1986,NA,NA,NA,TRUE,https://changes-ifr.s3.us-east-2.amazonaws.com/ss2/GROW/a_first/ALGER_MAN_GROW_0001_1.jpeg,https://changes-ifr.s3.us-east-2.amazonaws.com/ss2/GROW/a_first/ALGER_MAN_GROW_0001_2.jpeg,
59962368,25,May,1971,NA,NA,NA,TRUE,https://changes-ifr.s3.us-east-2.amazonaws.com/ss2/GROW/a_first/ALGER_LOST_GROW_0001_1.jpeg,https://changes-ifr.s3.us-east-2.amazonaws.com/ss2/GROW/a_first/ALGER_LOST_GROW_0001_2.jpeg,
59962413,19,May,1967,NA,NA,NA,TRUE,https://changes-ifr.s3.us-east-2.amazonaws.com/ss2/GROW/a_first/ALGER_SULLIVAN_GROW_0002_1.jpeg,https://changes-ifr.s3.us-east-2.amazonaws.com/ss2/GROW/a_first/ALGER_SULLIVAN_GROW_0002_2.jpeg,
59962448,28,September,1981,NA,NA,NA,TRUE,https://changes-ifr.s3.us-east-2.amazonaws.com/ss2/GROW/a_first/ALLEGAN_PINECREEK_GROW_0004_1.jpeg,https://changes-ifr.s3.us-east-2.amazonaws.com/ss2/GROW/a_first/ALLEGAN_PINECREEK_GROW_0004_2.jpeg,
59962451,1,May,1990,NA,NA,NA,TRUE,https://changes-ifr.s3.us-east-2.amazonaws.com/ss2/GROW/a_first/ALLEGAN_SELKIRK_GROW_0005_1.jpeg,https://changes-ifr.s3.us-east-2.amazonaws.com/ss2/GROW/a_first/ALLEGAN_SELKIRK_GROW_0005_2.jpeg,
59962470,17,July,1968,NA,NA,NA,TRUE,https://changes-ifr.s3.us-east-2.amazonaws.com/ss2/GROW/a_first/ALPENA_BEAVER_GROW_0006_1.jpeg,https://changes-ifr.s3.us-east-2.amazonaws.com/ss2/GROW/a_first/ALPENA_BEAVER_GROW_0006_2.jpeg,
59962474,NA,August,1983,NA,NA,NA,TRUE,https://changes-ifr.s3.us-east-2.amazonaws.com/ss2/GROW/a_first/ALPENA_FLETCHERBACKWATER_GROW_0004_1.jpeg,https://changes-ifr.s3.us-east-2.amazonaws.com/ss2/GROW/a_first/ALPENA_FLETCHERBACKWATER_GROW_0004_2.jpeg,
59962477,15,May,1975,NA,NA,NA,TRUE,https://changes-ifr.s3.us-east-2.amazonaws.com/ss2/GROW/a_first/ALPENA_FLETCHERBACKWATER_GROW_0005_1.jpeg,https://changes-ifr.s3.us-east-2.amazonaws.com/ss2/GROW/a_first/ALPENA_FLETCHERBACKWATER_GROW_0005_2.jpeg,
59962483,10,June,1977,NA,NA,NA,TRUE,https://changes-ifr.s3.us-east-2.amazonaws.com/ss2/GROW/a_first/ALPENA_FOURMILE_GROW_0004_1.jpeg,https://changes-ifr.s3.us-east-2.amazonaws.com/ss2/GROW/a_first/ALPENA_FOURMILE_GROW_0004_2.jpeg,
59962488,28,June,1966,NA,NA,NA,TRUE,https://changes-ifr.s3.us-east-2.amazonaws.com/ss2/GROW/a_first/ALPENA_LONG_GROW_0004_1.jpeg,https://changes-ifr.s3.us-east-2.amazonaws.com/ss2/GROW/a_first/ALPENA_LONG_GROW_0004_2.jpeg,
59962512,7,October,1975,NA,NA,NA,TRUE,https://changes-ifr.s3.us-east-2.amazonaws.com/ss2/GROW/a_first/ANTRIM_ELK_GROW_0005_1.jpeg,https://changes-ifr.s3.us-east-2.amazonaws.com/ss2/GROW/a_first/ANTRIM_ELK_GROW_0005_2.jpeg,
59962519,13,May,1971,NA,NA,NA,TRUE,https://changes-ifr.s3.us-east-2.amazonaws.com/ss2/GROW/a_first/ANTRIM_GREEN_GROW_0004_1.jpeg,https://changes-ifr.s3.us-east-2.amazonaws.com/ss2/GROW/a_first/ANTRIM_GREEN_GROW_0004_2.jpeg,
59962523,7,July,1968,NA,NA,NA,TRUE,https://changes-ifr.s3.us-east-2.amazonaws.com/ss2/GROW/a_first/ANTRIM_GREEN_GROW_0005_1.jpeg,https://changes-ifr.s3.us-east-2.amazonaws.com/ss2/GROW/a_first/ANTRIM_GREEN_GROW_0005_2.jpeg,
59962539,25,May,1978,15,June,1979,TRUE,https://changes-ifr.s3.us-east-2.amazonaws.com/ss2/GROW/a_first/ANTRIM_SKEGEMOG_GROW_0002_1.jpeg,https://changes-ifr.s3.us-east-2.amazonaws.com/ss2/GROW/a_first/ANTRIM_SKEGEMOG_GROW_0002_2.jpeg,
59962587,21,May,1991,NA,NA,NA,TRUE,https://changes-ifr.s3.us-east-2.amazonaws.com/ss2/GROW/a_first/BARAGA_RUTH_GROW_0002_1.jpeg,https://changes-ifr.s3.us-east-2.amazonaws.com/ss2/GROW/a_first/BARAGA_RUTH_GROW_0002_2.jpeg,
59962635,NA,June,1993,NA,NA,NA,TRUE,https://changes-ifr.s3.us-east-2.amazonaws.com/ss2/GROW/a_first/BARRY_GULL_GROW_0002_1.jpeg,https://changes-ifr.s3.us-east-2.amazonaws.com/ss2/GROW/a_first/BARRY_GULL_GROW_0002_2.jpeg,
59962648,6,October,1961,NA,NA,NA,TRUE,https://changes-ifr.s3.us-east-2.amazonaws.com/ss2/GROW/a_first/BARRY_GUN_GROW_0011_1.jpeg,https://changes-ifr.s3.us-east-2.amazonaws.com/ss2/GROW/a_first/BARRY_GUN_GROW_0011_2.jpeg,
59962654,27,May,1988,NA,NA,NA,TRUE,https://changes-ifr.s3.us-east-2.amazonaws.com/ss2/GROW/a_first/BARRY_HALL_GROW_0001_1.jpeg,https://changes-ifr.s3.us-east-2.amazonaws.com/ss2/GROW/a_first/BARRY_HALL_GROW_0001_2.jpeg,
59962751,28,May,1992,NA,NA,NA,TRUE,https://changes-ifr.s3.us-east-2.amazonaws.com/ss2/GROW/a_first/BRANCH_GEORGE_GROW_0001_1.jpeg,https://changes-ifr.s3.us-east-2.amazonaws.com/ss2/GROW/a_first/BRANCH_GEORGE_GROW_0001_2.jpeg,
59962766,27,July,1984,NA,NA,NA,TRUE,https://changes-ifr.s3.us-east-2.amazonaws.com/ss2/GROW/a_first/BRANCH_LAVINE_GROW_0002_1.jpeg,https://changes-ifr.s3.us-east-2.amazonaws.com/ss2/GROW/a_first/BRANCH_LAVINE_GROW_0002_2.jpeg,
59962781,26,June,1990,NA,NA,NA,TRUE,https://changes-ifr.s3.us-east-2.amazonaws.com/ss2/GROW/a_first/BRANCH_RANDALL_GROW_0001_1.jpeg,https://changes-ifr.s3.us-east-2.amazonaws.com/ss2/GROW/a_first/BRANCH_RANDALL_GROW_0001_2.jpeg,
59962801,19,June,1990,NA,NA,NA,TRUE,https://changes-ifr.s3.us-east-2.amazonaws.com/ss2/GROW/a_first/CALHOUN_BELL_GROW_0001_1.jpeg,https://changes-ifr.s3.us-east-2.amazonaws.com/ss2/GROW/a_first/CALHOUN_BELL_GROW_0001_2.jpeg,
59962815,10,June,1982,NA,NA,NA,TRUE,https://changes-ifr.s3.us-east-2.amazonaws.com/ss2/GROW/a_first/CALHOUN_DUCK_GROW_0007_1.jpeg,https://changes-ifr.s3.us-east-2.amazonaws.com/ss2/GROW/a_first/CALHOUN_DUCK_GROW_0007_2.jpeg,
59962818,20,June,1990,NA,NA,NA,TRUE,https://changes-ifr.s3.us-east-2.amazonaws.com/ss2/GROW/a_first/CALHOUN_GANGOFLAKES_GROW_0003_1.jpeg,https://changes-ifr.s3.us-east-2.amazonaws.com/ss2/GROW/a_first/CALHOUN_GANGOFLAKES_GROW_0003_2.jpeg,
59962826,21,May,1968,NA,NA,NA,TRUE,https://changes-ifr.s3.us-east-2.amazonaws.com/ss2/GROW/a_first/CALHOUN_HOMER_GROW_0003_1.jpeg,https://changes-ifr.s3.us-east-2.amazonaws.com/ss2/GROW/a_first/CALHOUN_HOMER_GROW_0003_2.jpeg,
59962896,26,September,1961,NA,NA,NA,TRUE,https://changes-ifr.s3.us-east-2.amazonaws.com/ss2/GROW/a_first/Kalamazoo_Eagle_GROW_026.jpg,https://changes-ifr.s3.us-east-2.amazonaws.com/ss2/GROW/a_first/Kalamazoo_Eagle_GROW_027.jpg,
59962931,31,July,1979,NA,NA,NA,TRUE,https://changes-ifr.s3.us-east-2.amazonaws.com/ss2/GROW/a_first/Leelanau_GlenLittle_GROW_011.jpg,https://changes-ifr.s3.us-east-2.amazonaws.com/ss2/GROW/a_first/Leelanau_GlenLittle_GROW_012.jpg,
59962934,24,May,1994,NA,NA,NA,TRUE,https://changes-ifr.s3.us-east-2.amazonaws.com/ss2/GROW/a_first/Leelanau_LeelanauSouth_GROW_151.jpg,https://changes-ifr.s3.us-east-2.amazonaws.com/ss2/GROW/a_first/Leelanau_LeelanauSouth_GROW_152.jpg,
59962938,28,July,1976,NA,NA,NA,TRUE,https://changes-ifr.s3.us-east-2.amazonaws.com/ss2/GROW/a_first/Leelanau_Lime_GROW_028.jpg,https://changes-ifr.s3.us-east-2.amazonaws.com/ss2/GROW/a_first/Leelanau_Lime_GROW_029.jpg,
59962949,29,June,1989,NA,NA,NA,TRUE,https://changes-ifr.s3.us-east-2.amazonaws.com/ss2/GROW/a_first/Leelanau_Solon_GROW_015.jpg,https://changes-ifr.s3.us-east-2.amazonaws.com/ss2/GROW/a_first/Leelanau_Solon_GROW_016.jpg,
59962964,20,September,1988,NA,NA,NA,TRUE,https://changes-ifr.s3.us-east-2.amazonaws.com/ss2/GROW/a_first/Lenawee_GlobeMillPond_GROW_004.jpg,https://changes-ifr.s3.us-east-2.amazonaws.com/ss2/GROW/a_first/Lenawee_GlobeMillPond_GROW_005.jpg,
59962969,18,June,1991,NA,NA,NA,TRUE,https://changes-ifr.s3.us-east-2.amazonaws.com/ss2/GROW/a_first/Lenawee_Sand_GROW_017.jpg,https://changes-ifr.s3.us-east-2.amazonaws.com/ss2/GROW/a_first/Lenawee_Sand_GROW_018.jpg,
59962971,7,June,1966,NA,NA,NA,TRUE,https://changes-ifr.s3.us-east-2.amazonaws.com/ss2/GROW/a_first/Lenawee_Silver_GROW_007.jpg,https://changes-ifr.s3.us-east-2.amazonaws.com/ss2/GROW/a_first/Lenawee_Silver_GROW_008.jpg,
59962975,30,March,1994,NA,NA,NA,TRUE,https://changes-ifr.s3.us-east-2.amazonaws.com/ss2/GROW/a_first/Livingston_Appleton_GROW_029.jpg,https://changes-ifr.s3.us-east-2.amazonaws.com/ss2/GROW/a_first/Livingston_Appleton_GROW_030.jpg,
59963007,7,May,1990,NA,NA,NA,TRUE,https://changes-ifr.s3.us-east-2.amazonaws.com/ss2/GROW/a_first/Livingston_Island1N_6E_S4_GROW_036.jpg,https://changes-ifr.s3.us-east-2.amazonaws.com/ss2/GROW/a_first/Livingston_Island1N_6E_S4_GROW_037.jpg,
59963025,28,May,1986,NA,NA,NA,TRUE,https://changes-ifr.s3.us-east-2.amazonaws.com/ss2/GROW/a_first/Livingston_Thompson_GROW_018.jpg,https://changes-ifr.s3.us-east-2.amazonaws.com/ss2/GROW/a_first/Livingston_Thompson_GROW_019.jpg,
59963034,3,June,1994,NA,NA,NA,TRUE,https://changes-ifr.s3.us-east-2.amazonaws.com/ss2/GROW/a_first/Livingston_Woodland_GROW_074.jpg,https://changes-ifr.s3.us-east-2.amazonaws.com/ss2/GROW/a_first/Livingston_Woodland_GROW_075.jpg,
59963044,19,June,1969,NA,NA,NA,TRUE,https://changes-ifr.s3.us-east-2.amazonaws.com/ss2/GROW/a_first/Luce_Bass_FISHs_064.jpg,https://changes-ifr.s3.us-east-2.amazonaws.com/ss2/GROW/a_first/Luce_Bass_FISHs_065.jpg,
59963066,23,September,1962,NA,NA,NA,TRUE,https://changes-ifr.s3.us-east-2.amazonaws.com/ss2/GROW/a_first/Luce_BelleI_FISHs_057.jpg,https://changes-ifr.s3.us-east-2.amazonaws.com/ss2/GROW/a_first/Luce_BelleI_FISHs_058.jpg,
59963070,6,March,1976,NA,NA,NA,TRUE,https://changes-ifr.s3.us-east-2.amazonaws.com/ss2/GROW/a_first/Luce_BlindSuckerFlooding_FISHs_009.jpg,https://changes-ifr.s3.us-east-2.amazonaws.com/ss2/GROW/a_first/Luce_BlindSuckerFlooding_FISHs_010.jpg,
59963080,4,February,1968,NA,NA,NA,TRUE,https://changes-ifr.s3.us-east-2.amazonaws.com/ss2/GROW/a_first/Luce_Camp8_FISHs_022.jpg,https://changes-ifr.s3.us-east-2.amazonaws.com/ss2/GROW/a_first/Luce_Camp8_FISHs_023.jpg,
59963084,27,October,1986,NA,NA,NA,TRUE,https://changes-ifr.s3.us-east-2.amazonaws.com/ss2/GROW/a_first/Luce_Brush_FISHs_042.jpg,https://changes-ifr.s3.us-east-2.amazonaws.com/ss2/GROW/a_first/Luce_Brush_FISHs_043.jpg,
59963086,11,May,1971,NA,NA,NA,TRUE,https://changes-ifr.s3.us-east-2.amazonaws.com/ss2/GROW/a_first/Luce_ChrisBrown_FISHs_012.jpg,https://changes-ifr.s3.us-east-2.amazonaws.com/ss2/GROW/a_first/Luce_ChrisBrown_FISHs_013.jpg,
59963088,26,July,1960,NA,NA,NA,TRUE,https://changes-ifr.s3.us-east-2.amazonaws.com/ss2/GROW/a_first/Luce_ChrisBrown_FISHs_028.jpg,https://changes-ifr.s3.us-east-2.amazonaws.com/ss2/GROW/a_first/Luce_ChrisBrown_FISHs_029.jpg,
59963089,10,September,1991,NA,NA,NA,TRUE,https://changes-ifr.s3.us-east-2.amazonaws.com/ss2/GROW/a_first/Luce_Culhane_FISHs_017.jpg,https://changes-ifr.s3.us-east-2.amazonaws.com/ss2/GROW/a_first/Luce_Culhane_FISHs_018.jpg,
59963098,15,May,1966,1,January,1967,TRUE,https://changes-ifr.s3.us-east-2.amazonaws.com/ss2/GROW/a_first/Luce_East_FISHs_007.jpg,https://changes-ifr.s3.us-east-2.amazonaws.com/ss2/GROW/a_first/Luce_East_FISHs_008.jpg,two separate survey dates
59963141,7,May,1985,NA,NA,NA,TRUE,https://changes-ifr.s3.us-east-2.amazonaws.com/ss2/GROW/a_first/Luce_ManistiqueNorth_FISHs_057.jpg,https://changes-ifr.s3.us-east-2.amazonaws.com/ss2/GROW/a_first/Luce_ManistiqueNorth_FISHs_058.jpg,
59963159,29,May,1962,NA,NA,NA,TRUE,https://changes-ifr.s3.us-east-2.amazonaws.com/ss2/GROW/a_first/Luce_ManistiqueNorth_FISHs_185.jpg,https://changes-ifr.s3.us-east-2.amazonaws.com/ss2/GROW/a_first/Luce_ManistiqueNorth_FISHs_186.jpg,
59963161,17,April,1986,NA,NA,NA,TRUE,https://changes-ifr.s3.us-east-2.amazonaws.com/ss2/GROW/a_first/Luce_ManistiqueNorth_FISHs_333.jpg,https://changes-ifr.s3.us-east-2.amazonaws.com/ss2/GROW/a_first/Luce_ManistiqueNorth_FISHs_334.jpg,
59963165,6,May,1981,NA,NA,NA,TRUE,https://changes-ifr.s3.us-east-2.amazonaws.com/ss2/GROW/a_first/Luce_Muskallonge_FISHs_009.jpg,https://changes-ifr.s3.us-east-2.amazonaws.com/ss2/GROW/a_first/Luce_Muskallonge_FISHs_010.jpg,
59963167,11,August,1992,NA,NA,NA,TRUE,https://changes-ifr.s3.us-east-2.amazonaws.com/ss2/GROW/a_first/Luce_Muskallonge_FISHs_005.jpg,https://changes-ifr.s3.us-east-2.amazonaws.com/ss2/GROW/a_first/Luce_Muskallonge_FISHs_006.jpg,
59963192,20,March,1966,NA,NA,NA,TRUE,https://changes-ifr.s3.us-east-2.amazonaws.com/ss2/GROW/a_first/Luce_Perch_FISHs_073.jpg,https://changes-ifr.s3.us-east-2.amazonaws.com/ss2/GROW/a_first/Luce_Perch_FISHs_074.jpg,
59963204,19,April,1985,NA,NA,NA,TRUE,https://changes-ifr.s3.us-east-2.amazonaws.com/ss2/GROW/a_first/Luce_Pike_FISHs_021.jpg,https://changes-ifr.s3.us-east-2.amazonaws.com/ss2/GROW/a_first/Luce_Pike_FISHs_022.jpg,
59963210,24,October,1975,NA,NA,NA,TRUE,https://changes-ifr.s3.us-east-2.amazonaws.com/ss2/GROW/a_first/Luce_Pike_FISHs_035.jpg,https://changes-ifr.s3.us-east-2.amazonaws.com/ss2/GROW/a_first/Luce_Pike_FISHs_036.jpg,
59963212,16,July,1968,NA,NA,NA,TRUE,https://changes-ifr.s3.us-east-2.amazonaws.com/ss2/GROW/a_first/Luce_Pratt_FISHs_031.jpg,https://changes-ifr.s3.us-east-2.amazonaws.com/ss2/GROW/a_first/Luce_Pratt_FISHs_032.jpg,
59963216,3,August,1977,NA,NA,NA,TRUE,https://changes-ifr.s3.us-east-2.amazonaws.com/ss2/GROW/a_first/Luce_Pretty_FISHs_064.jpg,https://changes-ifr.s3.us-east-2.amazonaws.com/ss2/GROW/a_first/Luce_Pretty_FISHs_065.jpg,
59963232,30,December,1981,12,January,1982,TRUE,https://changes-ifr.s3.us-east-2.amazonaws.com/ss2/GROW/a_first/Luce_Twins_FISHs_034.jpg,https://changes-ifr.s3.us-east-2.amazonaws.com/ss2/GROW/a_first/Luce_Twins_FISHs_035.jpg,
59963237,10,February,1975,NA,NA,NA,TRUE,https://changes-ifr.s3.us-east-2.amazonaws.com/ss2/GROW/a_first/Luce_Twins_FISHs_046.jpg,https://changes-ifr.s3.us-east-2.amazonaws.com/ss2/GROW/a_first/Luce_Twins_FISHs_047.jpg,
59963238,24,October,1968,NA,NA,NA,TRUE,https://changes-ifr.s3.us-east-2.amazonaws.com/ss2/GROW/a_first/Luce_Twins_FISHs_076.jpg,https://changes-ifr.s3.us-east-2.amazonaws.com/ss2/GROW/a_first/Luce_Twins_FISHs_077.jpg,
59963245,4,June,1982,NA,NA,NA,TRUE,https://changes-ifr.s3.us-east-2.amazonaws.com/ss2/GROW/a_first/Luce_Ward_FISHs_028.jpg,https://changes-ifr.s3.us-east-2.amazonaws.com/ss2/GROW/a_first/Luce_Ward_FISHs_029.jpg,
59963257,22,June,1985,NA,NA,NA,TRUE,https://changes-ifr.s3.us-east-2.amazonaws.com/ss2/GROW/a_first/Mackinac_Brevort_GROW_073.jpg,https://changes-ifr.s3.us-east-2.amazonaws.com/ss2/GROW/a_first/Mackinac_Brevort_GROW_074.jpg,
59963270,NA,May,1987,NA,NA,NA,TRUE,https://changes-ifr.s3.us-east-2.amazonaws.com/ss2/GROW/a_first/Mackinac_Brevort_GROW_263.jpg,https://changes-ifr.s3.us-east-2.amazonaws.com/ss2/GROW/a_first/Mackinac_Brevort_GROW_264.jpg,
59963289,15,July,1992,NA,NA,NA,TRUE,https://changes-ifr.s3.us-east-2.amazonaws.com/ss2/GROW/a_first/Mackinac_DollarBig_GROW_007.jpg,https://changes-ifr.s3.us-east-2.amazonaws.com/ss2/GROW/a_first/Mackinac_DollarBig_GROW_008.jpg,
59963291,15,July,1992,NA,NA,NA,TRUE,https://changes-ifr.s3.us-east-2.amazonaws.com/ss2/GROW/a_first/Mackinac_DollarLittle_GROW_005.jpg,https://changes-ifr.s3.us-east-2.amazonaws.com/ss2/GROW/a_first/Mackinac_DollarLittle_GROW_006.jpg,
59963305,22,May,1976,NA,NA,NA,TRUE,https://changes-ifr.s3.us-east-2.amazonaws.com/ss2/GROW/a_first/Mackinac_McAlpinePond_GROW_009.jpg,https://changes-ifr.s3.us-east-2.amazonaws.com/ss2/GROW/a_first/Mackinac_McAlpinePond_GROW_010.jpg,
59963328,8,May,1984,NA,NA,NA,TRUE,https://changes-ifr.s3.us-east-2.amazonaws.com/ss2/GROW/a_first/Macomb_StonyCreekImpoundment_GROW_012.jpg,https://changes-ifr.s3.us-east-2.amazonaws.com/ss2/GROW/a_first/Macomb_StonyCreekImpoundment_GROW_013.jpg,
59963336,29,October,1975,NA,NA,NA,TRUE,https://changes-ifr.s3.us-east-2.amazonaws.com/ss2/GROW/a_first/Manistee_Chief_GROW_008.jpg,https://changes-ifr.s3.us-east-2.amazonaws.com/ss2/GROW/a_first/Manistee_Chief_GROW_009.jpg,
59963345,29,June,1976,9,July,1976,TRUE,https://changes-ifr.s3.us-east-2.amazonaws.com/ss2/GROW/a_first/Manistee_Portage_GROW_042.jpg,https://changes-ifr.s3.us-east-2.amazonaws.com/ss2/GROW/a_first/Manistee_Portage_GROW_043.jpg,date range and separate date
59963356,28,August,1982,NA,NA,NA,TRUE,https://changes-ifr.s3.us-east-2.amazonaws.com/ss2/GROW/a_first/Marquette_Barnhardt_GROW_001.jpg,https://changes-ifr.s3.us-east-2.amazonaws.com/ss2/GROW/a_first/Marquette_Barnhardt_GROW_002.jpg,
59963361,28,May,1982,NA,NA,NA,TRUE,https://changes-ifr.s3.us-east-2.amazonaws.com/ss2/GROW/a_first/Marquette_Brocky_GROW_028.jpg,https://changes-ifr.s3.us-east-2.amazonaws.com/ss2/GROW/a_first/Marquette_Brocky_GROW_029.jpg,
59963365,2,October,1991,NA,NA,NA,TRUE,https://changes-ifr.s3.us-east-2.amazonaws.com/ss2/GROW/a_first/Marquette_Fish_GROW_033.jpg,https://changes-ifr.s3.us-east-2.amazonaws.com/ss2/GROW/a_first/Marquette_Fish_GROW_034.jpg,
59963380,2,September,1982,NA,NA,NA,TRUE,https://changes-ifr.s3.us-east-2.amazonaws.com/ss2/GROW/a_first/Marquette_Little_GROW_026.jpg,https://changes-ifr.s3.us-east-2.amazonaws.com/ss2/GROW/a_first/Marquette_Little_GROW_027.jpg,
59963403,26,July,1962,NA,NA,NA,TRUE,https://changes-ifr.s3.us-east-2.amazonaws.com/ss2/GROW/a_first/Marquette_TroutBig_GROW_060.jpg,https://changes-ifr.s3.us-east-2.amazonaws.com/ss2/GROW/a_first/Marquette_TroutBig_GROW_061.jpg,
59963495,11,July,1972,NA,NA,NA,TRUE,https://changes-ifr.s3.us-east-2.amazonaws.com/ss2/GROW/a_first/Mecosta_Brady_GROW_009.jpg,https://changes-ifr.s3.us-east-2.amazonaws.com/ss2/GROW/a_first/Mecosta_Brady_GROW_010.jpg,
59963509,12,October,1965,NA,NA,NA,TRUE,https://changes-ifr.s3.us-east-2.amazonaws.com/ss2/GROW/a_first/Mecosta_Hannah_GROW_013.jpg,https://changes-ifr.s3.us-east-2.amazonaws.com/ss2/GROW/a_first/Mecosta_Hannah_GROW_014.jpg,
59963510,29,June,1988,NA,NA,NA,TRUE,https://changes-ifr.s3.us-east-2.amazonaws.com/ss2/GROW/a_first/Mecosta_Gorrel_GROW_039.jpg,https://changes-ifr.s3.us-east-2.amazonaws.com/ss2/GROW/a_first/Mecosta_Gorrel_GROW_040.jpg,
59963511,14,March,1984,NA,NA,NA,TRUE,https://changes-ifr.s3.us-east-2.amazonaws.com/ss2/GROW/a_first/Mecosta_Haymarshs_GROW_048.jpg,https://changes-ifr.s3.us-east-2.amazonaws.com/ss2/GROW/a_first/Mecosta_Haymarshs_GROW_049.jpg,
59963522,29,June,1988,NA,NA,NA,TRUE,https://changes-ifr.s3.us-east-2.amazonaws.com/ss2/GROW/a_first/Mecosta_Merrill_GROW_041.jpg,https://changes-ifr.s3.us-east-2.amazonaws.com/ss2/GROW/a_first/Mecosta_Merrill_GROW_042.jpg,
59963525,2,May,1968,NA,NA,NA,TRUE,https://changes-ifr.s3.us-east-2.amazonaws.com/ss2/GROW/a_first/Mecosta_Pretty_GROW_035.jpg,https://changes-ifr.s3.us-east-2.amazonaws.com/ss2/GROW/a_first/Mecosta_Pretty_GROW_036.jpg,
59963526,20,April,1977,NA,NA,NA,TRUE,https://changes-ifr.s3.us-east-2.amazonaws.com/ss2/GROW/a_first/Mecosta_Pretty_GROW_015.jpg,https://changes-ifr.s3.us-east-2.amazonaws.com/ss2/GROW/a_first/Mecosta_Pretty_GROW_016.jpg,
59963585,26,July,1968,NA,NA,NA,TRUE,https://changes-ifr.s3.us-east-2.amazonaws.com/ss2/GROW/a_first/Mecosta_Twenty-eightLake_GROW_009.jpg,https://changes-ifr.s3.us-east-2.amazonaws.com/ss2/GROW/a_first/Mecosta_Twenty-eightLake_GROW_010.jpg,
59963587,26,July,1968,NA,NA,NA,TRUE,https://changes-ifr.s3.us-east-2.amazonaws.com/ss2/GROW/a_first/Mecosta_Twenty-eightLake_GROW_011.jpg,https://changes-ifr.s3.us-east-2.amazonaws.com/ss2/GROW/a_first/Mecosta_Twenty-eightLake_GROW_012.jpg,
59963590,14,September,1991,NA,NA,NA,TRUE,https://changes-ifr.s3.us-east-2.amazonaws.com/ss2/GROW/a_first/Menominee_HermansvillePond_GROW_074.jpg,https://changes-ifr.s3.us-east-2.amazonaws.com/ss2/GROW/a_first/Menominee_HermansvillePond_GROW_075.jpg,
59963594,30,July,1991,NA,NA,NA,TRUE,https://changes-ifr.s3.us-east-2.amazonaws.com/ss2/GROW/a_first/Midland_Kiawassee_GROW_007.jpg,https://changes-ifr.s3.us-east-2.amazonaws.com/ss2/GROW/a_first/Midland_Kiawassee_GROW_008.jpg,
59963618,22,July,1986,NA,NA,NA,TRUE,https://changes-ifr.s3.us-east-2.amazonaws.com/ss2/GROW/a_first/Missaukee_Falmouth_GROW_007.jpg,https://changes-ifr.s3.us-east-2.amazonaws.com/ss2/GROW/a_first/Missaukee_Falmouth_GROW_008.jpg,
59963629,8,July,1969,NA,NA,NA,TRUE,https://changes-ifr.s3.us-east-2.amazonaws.com/ss2/GROW/a_first/MONTMORENCY_BEAVER_GROW_0001_1.jpeg,https://changes-ifr.s3.us-east-2.amazonaws.com/ss2/GROW/a_first/MONTMORENCY_BEAVER_GROW_0001_2.jpeg,
59963630,21,May,1991,NA,NA,NA,TRUE,https://changes-ifr.s3.us-east-2.amazonaws.com/ss2/GROW/a_first/MONTMORENCY_BLUENORTH_GROW_0001_1.jpeg,https://changes-ifr.s3.us-east-2.amazonaws.com/ss2/GROW/a_first/MONTMORENCY_BLUENORTH_GROW_0001_2.jpeg,
59963656,1,July,1969,NA,NA,NA,TRUE,https://changes-ifr.s3.us-east-2.amazonaws.com/ss2/GROW/a_first/MONTMORENCY_DOLLARLITTLE_GROW_0001_1.jpeg,https://changes-ifr.s3.us-east-2.amazonaws.com/ss2/GROW/a_first/MONTMORENCY_DOLLARLITTLE_GROW_0001_2.jpeg,
59963697,24,October,1962,NA,NA,NA,TRUE,https://changes-ifr.s3.us-east-2.amazonaws.com/ss2/GROW/a_first/MONTMORENCY_SAGE_GROW_0005_1.jpeg,https://changes-ifr.s3.us-east-2.amazonaws.com/ss2/GROW/a_first/MONTMORENCY_SAGE_GROW_0005_2.jpeg,
59963698,25,June,1975,NA,NA,NA,TRUE,https://changes-ifr.s3.us-east-2.amazonaws.com/ss2/GROW/a_first/MONTMORENCY_SAGEEAST_GROW_0002_1.jpeg,https://changes-ifr.s3.us-east-2.amazonaws.com/ss2/GROW/a_first/MONTMORENCY_SAGEEAST_GROW_0002_2.jpeg,
59963723,2,May,1972,NA,NA,NA,TRUE,https://changes-ifr.s3.us-east-2.amazonaws.com/ss2/GROW/a_first/MUSKEGON_BLUEBIG_GROW_0008_1.jpeg,https://changes-ifr.s3.us-east-2.amazonaws.com/ss2/GROW/a_first/MUSKEGON_BLUEBIG_GROW_0008_2.jpeg,
59963725,12,November,1978,NA,NA,NA,TRUE,https://changes-ifr.s3.us-east-2.amazonaws.com/ss2/GROW/a_first/MUSKEGON_BLUEBIG_GROW_0009_1.jpeg,https://changes-ifr.s3.us-east-2.amazonaws.com/ss2/GROW/a_first/MUSKEGON_BLUEBIG_GROW_0009_2.jpeg,
59963752,23,January,1971,NA,NA,NA,TRUE,https://changes-ifr.s3.us-east-2.amazonaws.com/ss2/GROW/a_first/MUSKEGON_DUCK_GROW_0004_1.jpeg,https://changes-ifr.s3.us-east-2.amazonaws.com/ss2/GROW/a_first/MUSKEGON_DUCK_GROW_0004_2.jpeg,
59963768,10,May,1977,NA,NA,NA,TRUE,https://changes-ifr.s3.us-east-2.amazonaws.com/ss2/GROW/a_first/MUSKEGON_MONA_GROW_0004_1.jpeg,https://changes-ifr.s3.us-east-2.amazonaws.com/ss2/GROW/a_first/MUSKEGON_MONA_GROW_0004_2.jpeg,
59963797,31,August,1976,NA,NA,NA,TRUE,https://changes-ifr.s3.us-east-2.amazonaws.com/ss2/GROW/a_first/MUSKEGON_MUSKEGON_GROW_0012_1.jpeg,https://changes-ifr.s3.us-east-2.amazonaws.com/ss2/GROW/a_first/MUSKEGON_MUSKEGON_GROW_0012_2.jpeg,
59963800,28,September,1988,NA,NA,NA,TRUE,https://changes-ifr.s3.us-east-2.amazonaws.com/ss2/GROW/a_first/MUSKEGON_MUSKEGON_GROW_0015_1.jpeg,https://changes-ifr.s3.us-east-2.amazonaws.com/ss2/GROW/a_first/MUSKEGON_MUSKEGON_GROW_0015_2.jpeg,
59963809,21,August,1991,NA,NA,NA,TRUE,https://changes-ifr.s3.us-east-2.amazonaws.com/ss2/GROW/a_first/MUSKEGON_WHITE_GROW_0001_1.jpeg,https://changes-ifr.s3.us-east-2.amazonaws.com/ss2/GROW/a_first/MUSKEGON_WHITE_GROW_0001_2.jpeg,
59963823,8,July,1971,NA,NA,NA,TRUE,https://changes-ifr.s3.us-east-2.amazonaws.com/ss2/GROW/a_first/MUSKEGON_WHITE_GROW_0004_1.jpeg,https://changes-ifr.s3.us-east-2.amazonaws.com/ss2/GROW/a_first/MUSKEGON_WHITE_GROW_0004_2.jpeg,
59963858,13,June,1967,NA,NA,NA,TRUE,https://changes-ifr.s3.us-east-2.amazonaws.com/ss2/GROW/a_first/NEWAYGO_BILLS_GROW_0004_1.jpeg,https://changes-ifr.s3.us-east-2.amazonaws.com/ss2/GROW/a_first/NEWAYGO_BILLS_GROW_0004_2.jpeg,
59963904,18,October,1983,NA,NA,NA,TRUE,https://changes-ifr.s3.us-east-2.amazonaws.com/ss2/GROW/a_first/NEWAYGO_CROTON_GROW_0002_1.jpeg,https://changes-ifr.s3.us-east-2.amazonaws.com/ss2/GROW/a_first/NEWAYGO_CROTON_GROW_0002_2.jpeg,
59963905,14,June,1983,16,June,1983,TRUE,https://changes-ifr.s3.us-east-2.amazonaws.com/ss2/GROW/a_first/NEWAYGO_CROTON_GROW_0001_1.jpeg,https://changes-ifr.s3.us-east-2.amazonaws.com/ss2/GROW/a_first/NEWAYGO_CROTON_GROW_0001_2.jpeg,
59963922,8,December,1988,NA,NA,NA,TRUE,https://changes-ifr.s3.us-east-2.amazonaws.com/ss2/GROW/a_first/NEWAYGO_CRYSTAL_GROW_0005_1.jpeg,https://changes-ifr.s3.us-east-2.amazonaws.com/ss2/GROW/a_first/NEWAYGO_CRYSTAL_GROW_0005_2.jpeg,
59963923,6,October,1960,NA,NA,NA,TRUE,https://changes-ifr.s3.us-east-2.amazonaws.com/ss2/GROW/a_first/NEWAYGO_DIAMOND_GROW_0001_1.jpeg,https://changes-ifr.s3.us-east-2.amazonaws.com/ss2/GROW/a_first/NEWAYGO_DIAMOND_GROW_0001_2.jpeg,
59963933,13,October,1987,NA,NA,NA,TRUE,https://changes-ifr.s3.us-east-2.amazonaws.com/ss2/GROW/a_first/NEWAYGO_FREMONT_GROW_0004_1.jpeg,https://changes-ifr.s3.us-east-2.amazonaws.com/ss2/GROW/a_first/NEWAYGO_FREMONT_GROW_0004_2.jpeg,
59963943,5,November,1985,NA,NA,NA,TRUE,https://changes-ifr.s3.us-east-2.amazonaws.com/ss2/GROW/a_first/NEWAYGO_FREMONT_GROW_0009_1.jpeg,https://changes-ifr.s3.us-east-2.amazonaws.com/ss2/GROW/a_first/NEWAYGO_FREMONT_GROW_0009_2.jpeg,
59963959,29,September,1988,NA,NA,NA,TRUE,https://changes-ifr.s3.us-east-2.amazonaws.com/ss2/GROW/a_first/NEWAYGO_HARDY_GROW_0003_1.jpeg,https://changes-ifr.s3.us-east-2.amazonaws.com/ss2/GROW/a_first/NEWAYGO_HARDY_GROW_0003_2.jpeg,
59964006,9,June,1960,NA,NA,NA,TRUE,https://changes-ifr.s3.us-east-2.amazonaws.com/ss2/GROW/a_first/NEWAYGO_SAND_GROW_0004_1.jpeg,https://changes-ifr.s3.us-east-2.amazonaws.com/ss2/GROW/a_first/NEWAYGO_SAND_GROW_0004_2.jpeg,
59964045,17,October,1960,NA,NA,NA,TRUE,https://changes-ifr.s3.us-east-2.amazonaws.com/ss2/GROW/a_first/OAKLAND_BEVINS_GROW_0001_1.jpeg,https://changes-ifr.s3.us-east-2.amazonaws.com/ss2/GROW/a_first/OAKLAND_BEVINS_GROW_0001_2.jpeg,
59964072,5,October,1988,NA,NA,NA,TRUE,https://changes-ifr.s3.us-east-2.amazonaws.com/ss2/GROW/a_first/OAKLAND_CASSLAKE_GROW_0002_1.jpeg,https://changes-ifr.s3.us-east-2.amazonaws.com/ss2/GROW/a_first/OAKLAND_CASSLAKE_GROW_0002_2.jpeg,
59964097,2,May,1990,NA,NA,NA,TRUE,https://changes-ifr.s3.us-east-2.amazonaws.com/ss2/GROW/a_first/OAKLAND_CRESCENT_GROW_0007_1.jpeg,https://changes-ifr.s3.us-east-2.amazonaws.com/ss2/GROW/a_first/OAKLAND_CRESCENT_GROW_0007_2.jpeg,
59964139,27,October,1960,NA,NA,NA,TRUE,https://changes-ifr.s3.us-east-2.amazonaws.com/ss2/GROW/a_first/OAKLAND_GRASST3NR8ES781718_GROW_0003_1.jpeg,https://changes-ifr.s3.us-east-2.amazonaws.com/ss2/GROW/a_first/OAKLAND_GRASST3NR8ES781718_GROW_0003_2.jpeg,
59964243,20,September,1982,NA,NA,NA,TRUE,https://changes-ifr.s3.us-east-2.amazonaws.com/ss2/GROW/a_first/OAKLAND_PONTIAC_GROW_0006_1.jpeg,https://changes-ifr.s3.us-east-2.amazonaws.com/ss2/GROW/a_first/OAKLAND_PONTIAC_GROW_0006_2.jpeg,
59964265,31,May,1990,NA,NA,NA,TRUE,https://changes-ifr.s3.us-east-2.amazonaws.com/ss2/GROW/a_first/OAKLAND_SEVENBIG_GROW_0003_1.jpeg,https://changes-ifr.s3.us-east-2.amazonaws.com/ss2/GROW/a_first/OAKLAND_SEVENBIG_GROW_0003_2.jpeg,
59964336,NA,July,1982,NA,NA,NA,TRUE,https://changes-ifr.s3.us-east-2.amazonaws.com/ss2/GROW/a_first/OCEANA_CAMPBELL_GROW_0001_1.jpg,https://changes-ifr.s3.us-east-2.amazonaws.com/ss2/GROW/a_first/OCEANA_CAMPBELL_GROW_0001_2.jpg,
59964339,NA,July,1982,NA,NA,NA,TRUE,https://changes-ifr.s3.us-east-2.amazonaws.com/ss2/GROW/a_first/OCEANA_MCLAREN_GROW_0001_1.jpg,https://changes-ifr.s3.us-east-2.amazonaws.com/ss2/GROW/a_first/OCEANA_MCLAREN_GROW_0001_2.jpg,
59964342,14,June,1968,NA,NA,NA,TRUE,https://changes-ifr.s3.us-east-2.amazonaws.com/ss2/GROW/a_first/OCEANA_HIGHTOWER_GROW_0002_1.jpg,https://changes-ifr.s3.us-east-2.amazonaws.com/ss2/GROW/a_first/OCEANA_HIGHTOWER_GROW_0002_2.jpg,
59964471,14,October,1982,NA,NA,NA,TRUE,https://changes-ifr.s3.us-east-2.amazonaws.com/ss2/GROW/a_first/OGEMAW_LAKEGEORGE_GROW_0003_1.jpeg,https://changes-ifr.s3.us-east-2.amazonaws.com/ss2/GROW/a_first/OGEMAW_LAKEGEORGE_GROW_0003_2.jpeg,
59964504,21,April,1991,NA,NA,NA,TRUE,https://changes-ifr.s3.us-east-2.amazonaws.com/ss2/GROW/a_first/ONTONAGON_SIXMILE_GROW_0003_1.jpg,https://changes-ifr.s3.us-east-2.amazonaws.com/ss2/GROW/a_first/ONTONAGON_SIXMILE_GROW_0003_2.jpg,
59964538,24,September,1987,NA,NA,NA,TRUE,https://changes-ifr.s3.us-east-2.amazonaws.com/ss2/GROW/a_first/OSCEOLA_DIAMOND_GROW_0001_1.jpg,https://changes-ifr.s3.us-east-2.amazonaws.com/ss2/GROW/a_first/OSCEOLA_DIAMOND_GROW_0001_2.jpg,
59964575,NA,December,1967,NA,February,1968,TRUE,https://changes-ifr.s3.us-east-2.amazonaws.com/ss2/GROW/a_first/OSCEOLA_SUNRISE_GROW_0002_1.jpg,https://changes-ifr.s3.us-east-2.amazonaws.com/ss2/GROW/a_first/OSCEOLA_SUNRISE_GROW_0002_2.jpg,two separate survey dates
59964610,27,May,1960,NA,NA,NA,TRUE,https://changes-ifr.s3.us-east-2.amazonaws.com/ss2/GROW/a_first/OSCODA_MIO_GROW_0003_1.jpg,https://changes-ifr.s3.us-east-2.amazonaws.com/ss2/GROW/a_first/OSCODA_MIO_GROW_0003_2.jpg,
59964611,8,September,1983,NA,NA,NA,TRUE,https://changes-ifr.s3.us-east-2.amazonaws.com/ss2/GROW/a_first/OSCODA_MIO_GROW_0016_1.jpg,https://changes-ifr.s3.us-east-2.amazonaws.com/ss2/GROW/a_first/OSCODA_MIO_GROW_0016_2.jpg,
61361996,13,August,1969,NA,NA,NA,TRUE,https://changes-ifr.s3.us-east-2.amazonaws.com/ss3/GROW/double/MONTCALM_CEDAR12N6WS2425_GROW_0001_1.jpeg,https://changes-ifr.s3.us-east-2.amazonaws.com/ss3/GROW/double/MONTCALM_CEDAR12N6WS2425_GROW_0001_2.jpeg,
61362027,2,November,1977,NA,NA,NA,TRUE,https://changes-ifr.s3.us-east-2.amazonaws.com/ss3/GROW/double/MONTCALM_DERBY_GROW_0003_1.jpeg,https://changes-ifr.s3.us-east-2.amazonaws.com/ss3/GROW/double/MONTCALM_DERBY_GROW_0003_2.jpeg,
61362030,29,July,1971,NA,NA,NA,TRUE,https://changes-ifr.s3.us-east-2.amazonaws.com/ss3/GROW/double/MONTCALM_DICKERSON_GROW_0001_1.jpeg,https://changes-ifr.s3.us-east-2.amazonaws.com/ss3/GROW/double/MONTCALM_DICKERSON_GROW_0001_2.jpeg,
61362033,19,October,1971,NA,NA,NA,TRUE,https://changes-ifr.s3.us-east-2.amazonaws.com/ss3/GROW/double/MONTCALM_DICKERSON_GROW_0006_1.jpeg,https://changes-ifr.s3.us-east-2.amazonaws.com/ss3/GROW/double/MONTCALM_DICKERSON_GROW_0006_2.jpeg,
61362035,15,October,1962,NA,NA,NA,TRUE,https://changes-ifr.s3.us-east-2.amazonaws.com/ss3/GROW/double/MONTCALM_DUCK_GROW_0001_1.jpeg,https://changes-ifr.s3.us-east-2.amazonaws.com/ss3/GROW/double/MONTCALM_DUCK_GROW_0001_2.jpeg,
61362052,14,June,1972,NA,NA,NA,TRUE,https://changes-ifr.s3.us-east-2.amazonaws.com/ss3/GROW/double/MONTCALM_MARL_GROW_0006_1.jpeg,https://changes-ifr.s3.us-east-2.amazonaws.com/ss3/GROW/double/MONTCALM_MARL_GROW_0006_2.jpeg,
61362063,12,October,1962,NA,NA,NA,TRUE,https://changes-ifr.s3.us-east-2.amazonaws.com/ss3/GROW/double/MONTCALM_MOUNTCALM_GROW_0006_1.jpeg,https://changes-ifr.s3.us-east-2.amazonaws.com/ss3/GROW/double/MONTCALM_MOUNTCALM_GROW_0006_2.jpeg,
61362066,15,May,1970,NA,NA,NA,TRUE,https://changes-ifr.s3.us-east-2.amazonaws.com/ss3/GROW/double/MONTCALM_NEVINS_GROW_0002_1.jpeg,https://changes-ifr.s3.us-east-2.amazonaws.com/ss3/GROW/double/MONTCALM_NEVINS_GROW_0002_2.jpeg,
61362068,15,May,1970,NA,NA,NA,TRUE,https://changes-ifr.s3.us-east-2.amazonaws.com/ss3/GROW/double/MONTCALM_NEVINS_GROW_0001_1.jpeg,https://changes-ifr.s3.us-east-2.amazonaws.com/ss3/GROW/double/MONTCALM_NEVINS_GROW_0001_2.jpeg,
61362069,14,September,1976,NA,NA,NA,TRUE,https://changes-ifr.s3.us-east-2.amazonaws.com/ss3/GROW/double/MONTCALM_MUSKELLUNGE_GROW_0004_1.jpeg,https://changes-ifr.s3.us-east-2.amazonaws.com/ss3/GROW/double/MONTCALM_MUSKELLUNGE_GROW_0004_2.jpeg,
61362076,16,October,1962,NA,NA,NA,TRUE,https://changes-ifr.s3.us-east-2.amazonaws.com/ss3/GROW/double/MONTCALM_RAINBOW_GROW_0001_1.jpeg,https://changes-ifr.s3.us-east-2.amazonaws.com/ss3/GROW/double/MONTCALM_RAINBOW_GROW_0001_2.jpeg,
61362095,2,June,1970,NA,NA,NA,TRUE,https://changes-ifr.s3.us-east-2.amazonaws.com/ss3/GROW/double/MONTCALM_TACOMA_GROW_0001_1.jpeg,https://changes-ifr.s3.us-east-2.amazonaws.com/ss3/GROW/double/MONTCALM_TACOMA_GROW_0001_2.jpeg,
61362106,28,August,1972,NA,NA,NA,TRUE,https://changes-ifr.s3.us-east-2.amazonaws.com/ss3/GROW/double/MONTCALM_TOWNLINE_GROW_0008_1.jpeg,https://changes-ifr.s3.us-east-2.amazonaws.com/ss3/GROW/double/MONTCALM_TOWNLINE_GROW_0008_2.jpeg,
61362107,4,August,1971,NA,NA,NA,TRUE,https://changes-ifr.s3.us-east-2.amazonaws.com/ss3/GROW/double/MONTCALM_TOWNLINE_GROW_0007_1.jpeg,https://changes-ifr.s3.us-east-2.amazonaws.com/ss3/GROW/double/MONTCALM_TOWNLINE_GROW_0007_2.jpeg,
61362109,19,May,1970,NA,NA,NA,TRUE,https://changes-ifr.s3.us-east-2.amazonaws.com/ss3/GROW/double/MONTCALM_TRIANGLE_GROW_0002_1.jpeg,https://changes-ifr.s3.us-east-2.amazonaws.com/ss3/GROW/double/MONTCALM_TRIANGLE_GROW_0002_2.jpeg,
61362114,9,September,1976,NA,NA,NA,TRUE,https://changes-ifr.s3.us-east-2.amazonaws.com/ss3/GROW/double/MONTCALM_TURK_GROW_0007_1.jpeg,https://changes-ifr.s3.us-east-2.amazonaws.com/ss3/GROW/double/MONTCALM_TURK_GROW_0007_2.jpeg,
61362117,2,November,1971,NA,NA,NA,TRUE,https://changes-ifr.s3.us-east-2.amazonaws.com/ss3/GROW/double/MONTCALM_WHITEFISHLITTLE_GROW_0002_1.jpeg,https://changes-ifr.s3.us-east-2.amazonaws.com/ss3/GROW/double/MONTCALM_WHITEFISHLITTLE_GROW_0002_2.jpeg,
61362118,21,June,1972,NA,NA,NA,TRUE,https://changes-ifr.s3.us-east-2.amazonaws.com/ss3/GROW/double/MONTCALM_TURK_GROW_0008_1.jpeg,https://changes-ifr.s3.us-east-2.amazonaws.com/ss3/GROW/double/MONTCALM_TURK_GROW_0008_2.jpeg,
61362138,NA,January,1974,NA,NA,NA,TRUE,https://changes-ifr.s3.us-east-2.amazonaws.com/ss3/GROW/double/WASHTENAW_CASSIDY_GROW_0005_1.jpeg,https://changes-ifr.s3.us-east-2.amazonaws.com/ss3/GROW/double/WASHTENAW_CASSIDY_GROW_0005_2.jpeg,
61362157,4,August,1977,NA,NA,NA,TRUE,https://changes-ifr.s3.us-east-2.amazonaws.com/ss3/GROW/double/WASHTENAW_GORMAN_GROW_0001_1.jpeg,https://changes-ifr.s3.us-east-2.amazonaws.com/ss3/GROW/double/WASHTENAW_GORMAN_GROW_0001_2.jpeg,
61362170,24,May,1983,NA,NA,NA,TRUE,https://changes-ifr.s3.us-east-2.amazonaws.com/ss3/GROW/double/WASHTENAW_INDEPENDENCE_GROW_0002_1.jpeg,https://changes-ifr.s3.us-east-2.amazonaws.com/ss3/GROW/double/WASHTENAW_INDEPENDENCE_GROW_0002_2.jpeg,
61362172,13,May,1988,NA,NA,NA,TRUE,https://changes-ifr.s3.us-east-2.amazonaws.com/ss3/GROW/double/WASHTENAW_JOSLIN_GROW_0012_1.jpeg,https://changes-ifr.s3.us-east-2.amazonaws.com/ss3/GROW/double/WASHTENAW_JOSLIN_GROW_0012_2.jpeg,
61362181,13,June,1985,NA,NA,NA,TRUE,https://changes-ifr.s3.us-east-2.amazonaws.com/ss3/GROW/double/WASHTENAW_NORTH_GROW_0003_1.jpeg,https://changes-ifr.s3.us-east-2.amazonaws.com/ss3/GROW/double/WASHTENAW_NORTH_GROW_0003_2.jpeg,
61362189,21,June,1966,NA,NA,NA,TRUE,https://changes-ifr.s3.us-east-2.amazonaws.com/ss3/GROW/double/WASHTENAW_PORTAGELITTLE_GROW_0001_1.jpeg,https://changes-ifr.s3.us-east-2.amazonaws.com/ss3/GROW/double/WASHTENAW_PORTAGELITTLE_GROW_0001_2.jpeg,
61362200,10,May,1988,NA,NA,NA,TRUE,https://changes-ifr.s3.us-east-2.amazonaws.com/ss3/GROW/double/WAYNE_BELLEVILLE_GROW_0004_1.jpeg,https://changes-ifr.s3.us-east-2.amazonaws.com/ss3/GROW/double/WAYNE_BELLEVILLE_GROW_0004_2.jpeg,
61379412,17,October,1983,NA,NA,NA,TRUE,https://changes-ifr.s3.us-east-2.amazonaws.com/ss2/GROW/a_first/CALHOUN_LEES_GROW_0006_1.jpeg,https://changes-ifr.s3.us-east-2.amazonaws.com/ss2/GROW/a_first/CALHOUN_LEES_GROW_0006_2.jpeg,
61379415,1,September,1965,NA,NA,NA,TRUE,https://changes-ifr.s3.us-east-2.amazonaws.com/ss2/GROW/a_first/CALHOUN_MONTCALM_GROW_0001_1.jpeg,https://changes-ifr.s3.us-east-2.amazonaws.com/ss2/GROW/a_first/CALHOUN_MONTCALM_GROW_0001_2.jpeg,
61379421,29,June,1984,NA,NA,NA,TRUE,https://changes-ifr.s3.us-east-2.amazonaws.com/ss2/GROW/a_first/CALHOUN_PRAIRIE_GROW_0002_1.jpeg,https://changes-ifr.s3.us-east-2.amazonaws.com/ss2/GROW/a_first/CALHOUN_PRAIRIE_GROW_0002_2.jpeg,
61379431,7,December,1962,NA,NA,NA,TRUE,https://changes-ifr.s3.us-east-2.amazonaws.com/ss2/GROW/a_first/CASS_BIRCH_GROW_0003_1.jpeg,https://changes-ifr.s3.us-east-2.amazonaws.com/ss2/GROW/a_first/CASS_BIRCH_GROW_0003_2.jpeg,